[1,["d8ccDylo5LpoOaxz4OIBcL@6c48a"],["_textureSource"],["cc.SpriteFrame"],0,[{"name":"GPTStudent","rect":{"x":2,"y":3,"width":882,"height":164},"offset":{"x":0,"y":-0.5},"originalSize":{"width":886,"height":169},"rotated":false,"capInsets":[0,0,0,0],"vertices":{"rawPosition":[-441,-82,0,441,-82,0,-441,82,0,441,82,0],"indexes":[0,1,2,2,1,3],"uv":[2,166,884,166,2,2,884,2],"nuv":[0.002257336343115124,0.011834319526627219,0.9977426636568849,0.011834319526627219,0.002257336343115124,0.9822485207100592,0.9977426636568849,0.9822485207100592],"minPos":{"x":-441,"y":-82,"z":0},"maxPos":{"x":441,"y":82,"z":0}},"packable":true,"pixelsToUnit":100,"pivot":{"x":0.5,"y":0.5},"meshType":0}],[0],0,[0],[0],[0]]
