[1,["f1ZJf83PxMwJnCQYEvVh2G@6c48a"],["_textureSource"],["cc.SpriteFrame"],0,[{"name":"RewardQRcode","rect":{"x":0,"y":0,"width":269,"height":267},"offset":{"x":0,"y":0},"originalSize":{"width":269,"height":267},"rotated":false,"capInsets":[0,0,0,0],"vertices":{"rawPosition":[-134.5,-133.5,0,134.5,-133.5,0,-134.5,133.5,0,134.5,133.5,0],"indexes":[0,1,2,2,1,3],"uv":[0,267,269,267,0,0,269,0],"nuv":[0,0,1,0,0,1,1,1],"minPos":{"x":-134.5,"y":-133.5,"z":0},"maxPos":{"x":134.5,"y":133.5,"z":0}},"packable":true,"pixelsToUnit":100,"pivot":{"x":0.5,"y":0.5},"meshType":0}],[0],0,[0],[0],[0]]
