[1,["b1q1lgBwtNGZvOrXv2fINd@f9941","ecgUbsY4hCkLdoDgzi+nt0","69LKCyoIRAboqPAXQ1Vq71@f9941","26AGoVMb5D0oMjnlrwdfrV@6c48a","49zrxIHTlLP4s91797VW9N@f9941","46P0PVmF1KYbmI6PXSZtET@f9941","dc37rwQV5FIIUnPv73ZmFT@f9941","20bnMWEIRCWbsE3T1uH0uz@f9941","faCR/xGYNG5YmpU0cXM0vu","9f0w48b6xJ8YtUX+EPvPE5@f9941","45d/jsxNdFdIF86Wuyef8/@f9941","00cKJXLRxNqLPKfECN6wG7@6c48a","00cKJXLRxNqLPKfECN6wG7@f9941","20bnMWEIRCWbsE3T1uH0uz@6c48a","2ePdWC9KJKm47/GUocXMPz@6c48a","45d/jsxNdFdIF86Wuyef8/@6c48a","46P0PVmF1KYbmI6PXSZtET@6c48a","49zrxIHTlLP4s91797VW9N@6c48a","67foyasj5Kt62D58TAMDJZ@6c48a","69LKCyoIRAboqPAXQ1Vq71@6c48a","6bAAMEbclIWoLXFH3i9j6g@6c48a","8902Aew6RGF4rNetReLnQK@6c48a","a0RyjqARhD4JsWnPplEB9W@6c48a","14rD4MPGRC7rxd49p0EtEc@f9941","98dKvV2fBP2Lz+KThKnQv8","65JmdwOfxBP5IudyDRcd0B","24Ppsa/7FMkYx2Fe/HNol0","f2tZpNaA1H0oywtlONWgjl","02O+mLOgFKK5O3fPkpdtJG","4562J4BjRGE47GUdLQFaOz@c30fb","4562J4BjRGE47GUdLQFaOz","a0RyjqARhD4JsWnPplEB9W@f9941","88oVehoIlAZLN4vfbbGZEp@f9941","b7yHg/dudHIo0QKtyoWgru@f9941","67foyasj5Kt62D58TAMDJZ@f9941","6bAAMEbclIWoLXFH3i9j6g@f9941","fe2M4Qgx9FDZnaWPxsCtEp@f9941","e3IM/JdOBLzpauScJiGQI6@f9941","faYTLvfvtCg66iTs7u/u1C@f9941","8902Aew6RGF4rNetReLnQK@f9941","2ePdWC9KJKm47/GUocXMPz@f9941","1bYT+zhNdAnYT+QDJX2mVi","b7yHg/dudHIo0QKtyoWgru@6c48a","dc37rwQV5FIIUnPv73ZmFT@6c48a","e3IM/JdOBLzpauScJiGQI6@6c48a","faYTLvfvtCg66iTs7u/u1C@6c48a","fe2M4Qgx9FDZnaWPxsCtEp@6c48a"],["node","targetInfo","_spriteFrame","_textureSource","root","_font","_normalSprite","_target","data","asset","_parent","spriteFrame","_cameraComponent","shopKeeperAni","msgLabel","user_nameLabel","moneyLabel","scene","_atlas","sold_out","unselectedBlock","selectedBlock","_defaultClip"],["cc.SpriteFrame",["cc.Node",["_name","_layer","_objFlags","_id","__editorExtras__","_components","_lpos","_parent","_children","_prefab","_lscale"],-2,9,5,1,2,4,5],["cc.Widget",["_alignFlags","_verticalCenter","_isAbsVerticalCenter","_left","_right","_top","_originalWidth","_bottom","node","__prefab","_target"],-5,1,4,1],["cc.Sprite",["_sizeMode","_type","node","_spriteFrame","__prefab","_atlas"],1,1,6,4,6],["cc.Label",["_string","_actualFontSize","_isSystemFontUsed","_fontSize","_overflow","_lineHeight","_horizontalAlign","_fontFamily","_enableWrapText","node","_color","__prefab","_font"],-6,1,5,4,6],["cc.UITransform",["node","_contentSize","__prefab","_anchorPoint"],3,1,5,4,5],["ee70edsLJJFsIihcXjusFj4",["description","leftNum","price","node","__prefab"],0,1,4],["cc.Button",["_transition","node","clickEvents","_normalSprite","__prefab","_target","_hoverColor","_pressedColor"],2,1,9,6,4,1,5,5],["cc.Node",["_name","_objFlags","_layer","_parent","_components","_lpos","_lscale"],0,1,12,5,5],["cc.ClickEvent",["_componentId","handler","target"],1,1],"cc.SpriteAtlas",["cc.Prefab",["_name"],2],["cc.Node",["_name","_objFlags","_parent","_components","_lpos"],1,1,2,5],["cc.CompPrefabInfo",["fileId"],2],["cc.PrefabInfo",["fileId","instance","targetOverrides","nestedPrefabInstanceRoots","root","asset"],-1,1,1],["cc.PrefabInfo",["fileId","targetOverrides","nestedPrefabInstanceRoots","root","instance","asset"],0,1,4,6],["cc.PrefabInfo",["root","asset","fileId","instance","targetOverrides","nestedPrefabInstanceRoots"],-1,9,2],["cc.BitmapFont",["_name","fontSize","fntConfig"],0],["cc.SceneAsset",["_name"],2],["cc.Canvas",["node","_cameraComponent"],3,1,1],["5fa8bB820lAl4KjWarmV5HU",["node","commodities","icon","moneyLabel","user_nameLabel","msgLabel","shopKeeperAni","sold_out","unselectedBlock","selectedBlock"],3,1,2,3,1,1,1,1,6,6,6],["cc.Layout",["_layoutType","_paddingTop","_spacingY","node"],0,1],["cc.PrefabInstance",["fileId","prefabRootNode","propertyOverrides"],1,9],["CCPropertyOverrideInfo",["value","propertyPath","targetInfo"],1,1],["CCPropertyOverrideInfo",["propertyPath","targetInfo","value"],2,1,8],["CCPropertyOverrideInfo",["propertyPath","targetInfo","value"],2,1,1],["CCPropertyOverrideInfo",["value","propertyPath","targetInfo"],1,4],["cc.TargetInfo",["localID"],2],["cc.ScrollView",["bounceDuration","brake","elastic","horizontal","node","_content"],-1,1,1],["cc.Mask",["node"],3,1],["cc.Graphics",["node","_strokeColor","_fillColor"],3,1,5,5],["cc.Scene",["_name","_children","_prefab","_globals"],2,2,4,4],["cc.TargetOverrideInfo",["propertyPath","source","sourceInfo","target","targetInfo"],2,1,4,1,4],["cc.SceneGlobals",["ambient","shadows","_skybox","fog","octree","lightProbeInfo"],3,4,4,4,4,4,4],["cc.AmbientInfo",["_skyColorHDR","_groundAlbedoHDR"],3,5,5],["cc.ShadowsInfo",["_shadowColor","_size"],3,5,5],["cc.SkyboxInfo",[],3],["cc.FogInfo",[],3],["cc.OctreeInfo",[],3],["cc.LightProbeInfo",[],3],["cc.Camera",["_projection","_orthoHeight","_near","_visibility","node","_color"],-1,1,5],["cc.Animation",["node","_clips"],3,1,3]],[[13,0,2],[27,0,2],[24,0,1,2,2],[5,0,2,1,1],[14,0,1,2,3,4,5,5],[23,0,1,2,3],[5,0,1,1],[1,0,1,7,5,9,6,3],[3,2,4,3,1],[26,0,1,2,3],[32,0,1,2,3,4,2],[3,2,3,1],[11,0,2],[1,0,1,8,5,9,6,10,3],[1,2,4,7,9,3],[3,0,2,4,3,2],[15,0,1,2,3,4,5,4],[9,1],[4,0,1,3,4,8,2,9,11,10,12,7],[22,0,1,2,3],[25,0,1,2,2],[1,0,2,1,7,8,5,6,10,4],[1,0,2,1,7,5,6,4],[2,0,3,4,5,1,6,8,9,7],[2,0,4,1,2,8,9,5],[7,0,1,4,2,5,3,2],[8,0,1,2,3,4,5,4],[3,0,2,3,2],[6,0,3,4,2],[2,0,3,1,2,8,9,5],[1,0,2,1,7,8,5,6,4],[2,0,3,1,2,8,9,10,5],[1,0,2,1,3,8,5,6,5],[1,0,2,1,8,5,6,4],[1,0,2,1,7,8,5,4],[1,0,2,1,7,5,6,10,4],[8,0,1,2,3,4,5,6,4],[12,0,1,2,3,4,3],[5,0,1,3,1],[3,1,0,2,3],[3,2,3,5,1],[6,1,0,3,4,3],[6,2,0,3,4,3],[16,0,1,2,3,4,5,5],[2,0,4,1,2,8,9,10,5],[2,0,5,7,8,4],[2,0,3,4,5,1,2,6,8,9,8],[7,0,1,4,2,6,7,5,3,2],[7,0,1,2,3,2],[9,0,1,2,3],[4,0,1,3,5,4,2,9,10,7],[4,0,6,1,3,7,5,2,9,10,8],[4,0,6,1,7,5,4,2,9,10,8],[17,0,1,2,4],[18,0,2],[19,0,1,1],[20,0,1,2,3,4,5,6,7,8,9,1],[21,0,1,2,3,4],[28,0,1,2,3,4,5,5],[29,0,1],[30,0,1,2,1],[31,0,1,2,3,2],[33,0,1,2,3,4,5,1],[34,0,1,1],[35,0,1,1],[36,1],[37,1],[38,1],[39,1],[40,0,1,2,3,4,5,5],[41,0,1,1]],[[[{"name":"QSCMiner-Youyuan_0","rect":{"x":0,"y":0,"width":398,"height":340},"offset":{"x":-1,"y":30},"originalSize":{"width":400,"height":400},"rotated":false,"capInsets":[0,0,0,0],"vertices":{"rawPosition":[-199,-170,0,199,-170,0,-199,170,0,199,170,0],"indexes":[0,1,2,2,1,3],"uv":[0,400,398,400,0,60,398,60],"nuv":[0,0.15,0.995,0.15,0,1,0.995,1],"minPos":{"x":-199,"y":-170,"z":0},"maxPos":{"x":199,"y":170,"z":0}},"packable":true,"pixelsToUnit":100,"pivot":{"x":0.5,"y":0.5},"meshType":0}],[0],0,[0],[3],[11]],[[[12,"外卖柜"],[13,"外卖柜",33554432,[-5,-6,-7],[[3,-2,[0,"a2r4HvE3pPGL8eVFCVc+6Q"],[5,438,198]],[8,-3,[0,"a5BLXWtChOBbB7iZk8DikG"],4],[28,"介是外卖柜。“你会打开哪个柜门？恭喜你，拥有交换价值的权利！”\n石头将有三次机遇会变成相当有价值的物品。",-4,[0,"864+7d4I5NkJ+4+8c9pcjh"]]],[4,"914YAhza1LzIaDhCak3vgb",null,null,null,-1,0],[1,0,-1141,0],[1,1.2,1.2,1]],[7,"绿框",33554432,1,[[3,-8,[0,"cfi08pwQxOtpnCinfyfZFb"],[5,171,80]],[8,-9,[0,"afACmu+6xKoaBH1/k2UDzz"],0],[23,34,133.5,40,59,4,171,-10,[0,"afJhhVpQNNvZ5IUL6KCoKs"]],[25,1,-12,[0,"efjQg3U8ND56OFKyYLPGzD"],[[17]],-11,1]],[4,"43TqHHAmlB8bqUoBSR1Nlr",null,null,null,1,0],[1,93.5,4,0]],[7,"icon",33554432,1,[[3,-13,[0,"65SVWSNtRJ+pJ9qYPYEVeC"],[5,126,126]],[15,0,-14,[0,"21v8wjhK9PkJwicPXcNiyf"],2],[31,10,54,0.04,false,-15,[0,"43miuconRJ8LPe8J6Ec83R"],1]],[4,"3dTqo8WZ5Di7pV4mJjZnY8",null,null,null,1,0],[1,-102,7.92,0]],[7,"priceTag",33554432,1,[[3,-16,[0,"f3MYMisFJDqay57U4Zoaog"],[5,159.1,67.8]],[24,34,44.3,0.016712121212121213,false,-17,[0,"c335ofVhhAwq6u0XbtW6RK"]],[18,"$ 75",50,50,2,false,false,-18,[0,"d96bUvzQpE/5UPaTqNghSy"],[4,4278190080],3]],[4,"e9U+e0Gb9Jp7+HBRvQw9OO",null,null,null,1,0],[1,95.14999999999999,3.309,0]]],0,[0,4,1,0,0,1,0,0,1,0,0,1,0,-1,2,0,-2,3,0,-3,4,0,0,2,0,0,2,0,0,2,0,7,2,0,0,2,0,0,3,0,0,3,0,0,3,0,0,4,0,0,4,0,0,4,0,8,1,18],[0,0,0,0,0],[2,6,2,5,2],[0,0,4,1,2]],[[[53,"QSCMiner-Youyuan",32,{"commonHeight":33,"fontSize":32,"atlasName":"QSCMiner-Youyuan_0.png","fontDefDictionary":{"32":{"xOffset":-1,"yOffset":32,"xAdvance":16,"rect":{"x":396,"y":0,"width":3,"height":1}},"33":{"xOffset":5,"yOffset":5,"xAdvance":16,"rect":{"x":391,"y":96,"width":5,"height":22}},"34":{"xOffset":2,"yOffset":3,"xAdvance":16,"rect":{"x":386,"y":143,"width":12,"height":8}},"58":{"xOffset":5,"yOffset":13,"xAdvance":16,"rect":{"x":393,"y":219,"width":5,"height":14}},"98":{"xOffset":0,"yOffset":5,"xAdvance":16,"rect":{"x":383,"y":158,"width":15,"height":22}},"100":{"xOffset":1,"yOffset":5,"xAdvance":16,"rect":{"x":377,"y":219,"width":15,"height":22}},"101":{"xOffset":1,"yOffset":13,"xAdvance":16,"rect":{"x":199,"y":312,"width":14,"height":14}},"102":{"xOffset":1,"yOffset":6,"xAdvance":16,"rect":{"x":375,"y":250,"width":15,"height":21}},"105":{"xOffset":3,"yOffset":6,"xAdvance":16,"rect":{"x":121,"y":312,"width":10,"height":21}},"108":{"xOffset":2,"yOffset":5,"xAdvance":16,"rect":{"x":386,"y":120,"width":12,"height":22}},"109":{"xOffset":0,"yOffset":12,"xAdvance":16,"rect":{"x":132,"y":312,"width":17,"height":15}},"111":{"xOffset":1,"yOffset":13,"xAdvance":16,"rect":{"x":184,"y":312,"width":14,"height":14}},"117":{"xOffset":0,"yOffset":12,"xAdvance":16,"rect":{"x":150,"y":312,"width":16,"height":15}},"8220":{"xOffset":13,"yOffset":5,"xAdvance":32,"rect":{"x":214,"y":311,"width":17,"height":13}},"8221":{"xOffset":2,"yOffset":4,"xAdvance":32,"rect":{"x":167,"y":312,"width":16,"height":14}},"19968":{"xOffset":2,"yOffset":16,"xAdvance":32,"rect":{"x":232,"y":311,"width":29,"height":2}},"19977":{"xOffset":0,"yOffset":5,"xAdvance":32,"rect":{"x":89,"y":312,"width":31,"height":26}},"19979":{"xOffset":0,"yOffset":4,"xAdvance":32,"rect":{"x":273,"y":280,"width":32,"height":28}},"19981":{"xOffset":0,"yOffset":4,"xAdvance":32,"rect":{"x":306,"y":280,"width":31,"height":28}},"19996":{"xOffset":0,"yOffset":2,"xAdvance":32,"rect":{"x":0,"y":159,"width":31,"height":30}},"20010":{"xOffset":0,"yOffset":3,"xAdvance":32,"rect":{"x":318,"y":96,"width":32,"height":30}},"20013":{"xOffset":3,"yOffset":2,"xAdvance":32,"rect":{"x":372,"y":64,"width":26,"height":31}},"20020":{"xOffset":1,"yOffset":3,"xAdvance":32,"rect":{"x":96,"y":252,"width":30,"height":29}},"20037":{"xOffset":1,"yOffset":2,"xAdvance":32,"rect":{"x":31,"y":221,"width":30,"height":30}},"20040":{"xOffset":2,"yOffset":3,"xAdvance":32,"rect":{"x":182,"y":282,"width":28,"height":29}},"20043":{"xOffset":1,"yOffset":2,"xAdvance":32,"rect":{"x":310,"y":189,"width":30,"height":30}},"20080":{"xOffset":2,"yOffset":4,"xAdvance":32,"rect":{"x":0,"y":312,"width":28,"height":28}},"20102":{"xOffset":3,"yOffset":3,"xAdvance":32,"rect":{"x":372,"y":189,"width":26,"height":29}},"20132":{"xOffset":1,"yOffset":2,"xAdvance":32,"rect":{"x":0,"y":64,"width":30,"height":31}},"20154":{"xOffset":1,"yOffset":3,"xAdvance":32,"rect":{"x":186,"y":189,"width":30,"height":30}},"20174":{"xOffset":1,"yOffset":3,"xAdvance":32,"rect":{"x":155,"y":190,"width":30,"height":30}},"20197":{"xOffset":3,"yOffset":3,"xAdvance":32,"rect":{"x":122,"y":282,"width":29,"height":29}},"20215":{"xOffset":0,"yOffset":2,"xAdvance":32,"rect":{"x":231,"y":0,"width":32,"height":31}},"20250":{"xOffset":0,"yOffset":3,"xAdvance":32,"rect":{"x":0,"y":128,"width":32,"height":30}},"20307":{"xOffset":0,"yOffset":2,"xAdvance":32,"rect":{"x":264,"y":0,"width":32,"height":31}},"20320":{"xOffset":0,"yOffset":3,"xAdvance":32,"rect":{"x":258,"y":127,"width":31,"height":30}},"20445":{"xOffset":0,"yOffset":3,"xAdvance":32,"rect":{"x":120,"y":96,"width":32,"height":30}},"20493":{"xOffset":0,"yOffset":2,"xAdvance":32,"rect":{"x":330,"y":0,"width":32,"height":31}},"20540":{"xOffset":0,"yOffset":3,"xAdvance":32,"rect":{"x":33,"y":128,"width":32,"height":30}},"20581":{"xOffset":0,"yOffset":2,"xAdvance":32,"rect":{"x":0,"y":32,"width":32,"height":31}},"20809":{"xOffset":1,"yOffset":2,"xAdvance":32,"rect":{"x":93,"y":190,"width":30,"height":30}},"20851":{"xOffset":1,"yOffset":3,"xAdvance":32,"rect":{"x":158,"y":252,"width":30,"height":29}},"20987":{"xOffset":0,"yOffset":3,"xAdvance":32,"rect":{"x":281,"y":220,"width":31,"height":29}},"20999":{"xOffset":1,"yOffset":3,"xAdvance":32,"rect":{"x":189,"y":251,"width":30,"height":29}},"21033":{"xOffset":0,"yOffset":3,"xAdvance":32,"rect":{"x":352,"y":158,"width":30,"height":30}},"21040":{"xOffset":0,"yOffset":3,"xAdvance":32,"rect":{"x":130,"y":127,"width":31,"height":30}},"21147":{"xOffset":1,"yOffset":2,"xAdvance":32,"rect":{"x":31,"y":96,"width":29,"height":31}},"21152":{"xOffset":0,"yOffset":2,"xAdvance":32,"rect":{"x":248,"y":64,"width":30,"height":31}},"21334":{"xOffset":0,"yOffset":2,"xAdvance":32,"rect":{"x":97,"y":32,"width":31,"height":31}},"21345":{"xOffset":1,"yOffset":2,"xAdvance":32,"rect":{"x":353,"y":32,"width":31,"height":31}},"21363":{"xOffset":2,"yOffset":3,"xAdvance":32,"rect":{"x":153,"y":221,"width":28,"height":30}},"21367":{"xOffset":1,"yOffset":3,"xAdvance":32,"rect":{"x":256,"y":158,"width":31,"height":30}},"21462":{"xOffset":0,"yOffset":3,"xAdvance":32,"rect":{"x":248,"y":220,"width":32,"height":29}},"21464":{"xOffset":1,"yOffset":2,"xAdvance":32,"rect":{"x":93,"y":64,"width":30,"height":31}},"21507":{"xOffset":1,"yOffset":3,"xAdvance":32,"rect":{"x":220,"y":250,"width":30,"height":29}},"21518":{"xOffset":0,"yOffset":3,"xAdvance":32,"rect":{"x":32,"y":252,"width":31,"height":29}},"21697":{"xOffset":1,"yOffset":3,"xAdvance":32,"rect":{"x":251,"y":250,"width":30,"height":29}},"21738":{"xOffset":1,"yOffset":3,"xAdvance":32,"rect":{"x":66,"y":128,"width":31,"height":30}},"21916":{"xOffset":1,"yOffset":2,"xAdvance":32,"rect":{"x":0,"y":190,"width":30,"height":30}},"22312":{"xOffset":0,"yOffset":2,"xAdvance":32,"rect":{"x":33,"y":32,"width":31,"height":31}},"22351":{"xOffset":1,"yOffset":3,"xAdvance":32,"rect":{"x":62,"y":190,"width":30,"height":30}},"22686":{"xOffset":1,"yOffset":2,"xAdvance":32,"rect":{"x":0,"y":96,"width":30,"height":31}},"22806":{"xOffset":0,"yOffset":2,"xAdvance":32,"rect":{"x":363,"y":0,"width":32,"height":31}},"22815":{"xOffset":1,"yOffset":2,"xAdvance":32,"rect":{"x":217,"y":64,"width":30,"height":31}},"22823":{"xOffset":1,"yOffset":3,"xAdvance":32,"rect":{"x":96,"y":159,"width":31,"height":30}},"22836":{"xOffset":1,"yOffset":3,"xAdvance":32,"rect":{"x":128,"y":159,"width":31,"height":30}},"22909":{"xOffset":0,"yOffset":3,"xAdvance":32,"rect":{"x":215,"y":220,"width":32,"height":29}},"22992":{"xOffset":1,"yOffset":3,"xAdvance":32,"rect":{"x":313,"y":220,"width":31,"height":29}},"23398":{"xOffset":1,"yOffset":2,"xAdvance":32,"rect":{"x":279,"y":64,"width":30,"height":31}},"23427":{"xOffset":1,"yOffset":2,"xAdvance":32,"rect":{"x":31,"y":190,"width":30,"height":30}},"23450":{"xOffset":0,"yOffset":2,"xAdvance":32,"rect":{"x":0,"y":0,"width":32,"height":31}},"23558":{"xOffset":0,"yOffset":2,"xAdvance":32,"rect":{"x":33,"y":0,"width":32,"height":31}},"23849":{"xOffset":1,"yOffset":2,"xAdvance":32,"rect":{"x":91,"y":96,"width":28,"height":31}},"24230":{"xOffset":0,"yOffset":3,"xAdvance":32,"rect":{"x":194,"y":127,"width":31,"height":30}},"24320":{"xOffset":0,"yOffset":4,"xAdvance":32,"rect":{"x":240,"y":280,"width":32,"height":28}},"24378":{"xOffset":1,"yOffset":3,"xAdvance":32,"rect":{"x":344,"y":250,"width":30,"height":29}},"24403":{"xOffset":2,"yOffset":2,"xAdvance":32,"rect":{"x":211,"y":281,"width":28,"height":29}},"24471":{"xOffset":0,"yOffset":2,"xAdvance":32,"rect":{"x":297,"y":0,"width":32,"height":31}},"24615":{"xOffset":0,"yOffset":2,"xAdvance":32,"rect":{"x":321,"y":32,"width":31,"height":31}},"24635":{"xOffset":1,"yOffset":2,"xAdvance":32,"rect":{"x":341,"y":64,"width":30,"height":31}},"24685":{"xOffset":0,"yOffset":3,"xAdvance":32,"rect":{"x":351,"y":96,"width":32,"height":30}},"24819":{"xOffset":0,"yOffset":2,"xAdvance":32,"rect":{"x":354,"y":127,"width":31,"height":30}},"25104":{"xOffset":0,"yOffset":2,"xAdvance":32,"rect":{"x":257,"y":32,"width":31,"height":31}},"25105":{"xOffset":1,"yOffset":2,"xAdvance":32,"rect":{"x":193,"y":32,"width":31,"height":31}},"25165":{"xOffset":1,"yOffset":3,"xAdvance":32,"rect":{"x":217,"y":189,"width":30,"height":30}},"25171":{"xOffset":1,"yOffset":3,"xAdvance":32,"rect":{"x":64,"y":159,"width":31,"height":30}},"25195":{"xOffset":0,"yOffset":2,"xAdvance":32,"rect":{"x":248,"y":189,"width":30,"height":30}},"25235":{"xOffset":0,"yOffset":3,"xAdvance":32,"rect":{"x":285,"y":96,"width":32,"height":30}},"25317":{"xOffset":0,"yOffset":3,"xAdvance":32,"rect":{"x":31,"y":282,"width":30,"height":29}},"25442":{"xOffset":0,"yOffset":3,"xAdvance":32,"rect":{"x":252,"y":96,"width":32,"height":30}},"26102":{"xOffset":2,"yOffset":4,"xAdvance":32,"rect":{"x":369,"y":280,"width":29,"height":28}},"26159":{"xOffset":0,"yOffset":3,"xAdvance":32,"rect":{"x":32,"y":159,"width":31,"height":30}},"26377":{"xOffset":0,"yOffset":3,"xAdvance":32,"rect":{"x":290,"y":127,"width":31,"height":30}},"26426":{"xOffset":0,"yOffset":2,"xAdvance":32,"rect":{"x":99,"y":0,"width":32,"height":31}},"26435":{"xOffset":0,"yOffset":2,"xAdvance":32,"rect":{"x":66,"y":0,"width":32,"height":31}},"26588":{"xOffset":0,"yOffset":3,"xAdvance":32,"rect":{"x":219,"y":96,"width":32,"height":30}},"27178":{"xOffset":1,"yOffset":2,"xAdvance":32,"rect":{"x":161,"y":32,"width":31,"height":31}},"27425":{"xOffset":0,"yOffset":2,"xAdvance":32,"rect":{"x":129,"y":32,"width":31,"height":31}},"27426":{"xOffset":1,"yOffset":3,"xAdvance":32,"rect":{"x":98,"y":128,"width":31,"height":30}},"27585":{"xOffset":0,"yOffset":3,"xAdvance":32,"rect":{"x":182,"y":221,"width":32,"height":29}},"27668":{"xOffset":1,"yOffset":2,"xAdvance":32,"rect":{"x":62,"y":64,"width":30,"height":31}},"27714":{"xOffset":1,"yOffset":3,"xAdvance":32,"rect":{"x":124,"y":190,"width":30,"height":30}},"27809":{"xOffset":0,"yOffset":3,"xAdvance":32,"rect":{"x":153,"y":96,"width":32,"height":30}},"27901":{"xOffset":1,"yOffset":3,"xAdvance":32,"rect":{"x":288,"y":158,"width":31,"height":30}},"27993":{"xOffset":0,"yOffset":3,"xAdvance":32,"rect":{"x":320,"y":158,"width":31,"height":30}},"28526":{"xOffset":0,"yOffset":2,"xAdvance":32,"rect":{"x":289,"y":32,"width":31,"height":31}},"28856":{"xOffset":0,"yOffset":3,"xAdvance":32,"rect":{"x":186,"y":96,"width":32,"height":30}},"28857":{"xOffset":1,"yOffset":2,"xAdvance":32,"rect":{"x":31,"y":64,"width":30,"height":31}},"28900":{"xOffset":1,"yOffset":3,"xAdvance":32,"rect":{"x":192,"y":158,"width":31,"height":30}},"29233":{"xOffset":1,"yOffset":3,"xAdvance":32,"rect":{"x":282,"y":250,"width":30,"height":29}},"29289":{"xOffset":0,"yOffset":2,"xAdvance":32,"rect":{"x":225,"y":32,"width":31,"height":31}},"29992":{"xOffset":1,"yOffset":4,"xAdvance":32,"rect":{"x":29,"y":312,"width":28,"height":28}},"30041":{"xOffset":1,"yOffset":3,"xAdvance":32,"rect":{"x":62,"y":282,"width":29,"height":29}},"30340":{"xOffset":2,"yOffset":2,"xAdvance":32,"rect":{"x":93,"y":221,"width":29,"height":30}},"30456":{"xOffset":0,"yOffset":2,"xAdvance":32,"rect":{"x":186,"y":64,"width":30,"height":31}},"30693":{"xOffset":1,"yOffset":3,"xAdvance":32,"rect":{"x":92,"y":282,"width":29,"height":29}},"30707":{"xOffset":1,"yOffset":5,"xAdvance":32,"rect":{"x":58,"y":312,"width":30,"height":27}},"31069":{"xOffset":0,"yOffset":2,"xAdvance":32,"rect":{"x":65,"y":32,"width":31,"height":31}},"31070":{"xOffset":0,"yOffset":2,"xAdvance":32,"rect":{"x":155,"y":64,"width":30,"height":31}},"31119":{"xOffset":0,"yOffset":3,"xAdvance":32,"rect":{"x":345,"y":220,"width":31,"height":29}},"31283":{"xOffset":0,"yOffset":3,"xAdvance":32,"rect":{"x":64,"y":252,"width":31,"height":29}},"31934":{"xOffset":0,"yOffset":2,"xAdvance":32,"rect":{"x":198,"y":0,"width":32,"height":31}},"33021":{"xOffset":2,"yOffset":3,"xAdvance":32,"rect":{"x":123,"y":221,"width":29,"height":30}},"33394":{"xOffset":1,"yOffset":2,"xAdvance":32,"rect":{"x":160,"y":158,"width":31,"height":30}},"33402":{"xOffset":1,"yOffset":3,"xAdvance":32,"rect":{"x":62,"y":221,"width":30,"height":30}},"33457":{"xOffset":1,"yOffset":2,"xAdvance":32,"rect":{"x":124,"y":64,"width":30,"height":31}},"33647":{"xOffset":1,"yOffset":3,"xAdvance":32,"rect":{"x":279,"y":189,"width":30,"height":30}},"34955":{"xOffset":0,"yOffset":2,"xAdvance":32,"rect":{"x":132,"y":0,"width":32,"height":31}},"35199":{"xOffset":1,"yOffset":4,"xAdvance":32,"rect":{"x":338,"y":280,"width":30,"height":28}},"35797":{"xOffset":0,"yOffset":3,"xAdvance":32,"rect":{"x":224,"y":158,"width":31,"height":30}},"36275":{"xOffset":0,"yOffset":4,"xAdvance":32,"rect":{"x":0,"y":252,"width":31,"height":29}},"36523":{"xOffset":0,"yOffset":2,"xAdvance":32,"rect":{"x":165,"y":0,"width":32,"height":31}},"36814":{"xOffset":1,"yOffset":3,"xAdvance":32,"rect":{"x":127,"y":252,"width":30,"height":29}},"36895":{"xOffset":0,"yOffset":3,"xAdvance":32,"rect":{"x":322,"y":127,"width":31,"height":30}},"36935":{"xOffset":1,"yOffset":3,"xAdvance":32,"rect":{"x":341,"y":189,"width":30,"height":30}},"36947":{"xOffset":0,"yOffset":2,"xAdvance":32,"rect":{"x":162,"y":127,"width":31,"height":30}},"37027":{"xOffset":1,"yOffset":3,"xAdvance":32,"rect":{"x":0,"y":221,"width":30,"height":30}},"38065":{"xOffset":0,"yOffset":3,"xAdvance":32,"rect":{"x":226,"y":127,"width":31,"height":30}},"38075":{"xOffset":1,"yOffset":3,"xAdvance":32,"rect":{"x":313,"y":250,"width":30,"height":29}},"38376":{"xOffset":2,"yOffset":3,"xAdvance":32,"rect":{"x":152,"y":282,"width":29,"height":29}},"38378":{"xOffset":1,"yOffset":2,"xAdvance":32,"rect":{"x":61,"y":96,"width":29,"height":31}},"38431":{"xOffset":1,"yOffset":3,"xAdvance":32,"rect":{"x":0,"y":282,"width":30,"height":29}},"40493":{"xOffset":1,"yOffset":2,"xAdvance":32,"rect":{"x":310,"y":64,"width":30,"height":31}},"65281":{"xOffset":6,"yOffset":7,"xAdvance":32,"rect":{"x":384,"y":96,"width":6,"height":23}},"65292":{"xOffset":2,"yOffset":25,"xAdvance":32,"rect":{"x":391,"y":242,"width":7,"height":8}},"65311":{"xOffset":10,"yOffset":6,"xAdvance":32,"rect":{"x":385,"y":32,"width":12,"height":24}}},"kerningDict":{}}]],0,0,[0],[11],[12]],[[{"name":"浙大体艺","rect":{"x":0,"y":0,"width":84,"height":84},"offset":{"x":0,"y":0},"originalSize":{"width":84,"height":84},"rotated":false,"capInsets":[0,0,0,0],"vertices":{"rawPosition":[-42,-42,0,42,-42,0,-42,42,0,42,42,0],"indexes":[0,1,2,2,1,3],"uv":[0,84,84,84,0,0,84,0],"nuv":[0,0,1,0,0,1,1,1],"minPos":{"x":-42,"y":-42,"z":0},"maxPos":{"x":42,"y":42,"z":0}},"packable":true,"pixelsToUnit":100,"pivot":{"x":0.5,"y":0.5},"meshType":0}],[0],0,[0],[3],[13]],[[[12,"烤鸭卷"],[13,"烤鸭卷",33554432,[-5,-6,-7],[[3,-2,[0,"a2r4HvE3pPGL8eVFCVc+6Q"],[5,438,198]],[8,-3,[0,"a5BLXWtChOBbB7iZk8DikG"],4],[28,"买了它以后，在下一关中你的力气将会增加，即抓东西的速增加。",-4,[0,"22ci+HMEhDCrKMjp9xelOm"]]],[4,"914YAhza1LzIaDhCak3vgb",null,null,null,-1,0],[1,0,-645,0],[1,1.2,1.2,1]],[7,"绿框",33554432,1,[[3,-8,[0,"cfi08pwQxOtpnCinfyfZFb"],[5,171,80]],[8,-9,[0,"afACmu+6xKoaBH1/k2UDzz"],0],[23,34,133.5,40,59,4,171,-10,[0,"afJhhVpQNNvZ5IUL6KCoKs"]],[25,1,-12,[0,"944pCy7TZLdLFlSdxul6L5"],[[17]],-11,1]],[4,"43TqHHAmlB8bqUoBSR1Nlr",null,null,null,1,0],[1,93.5,4,0]],[7,"icon",33554432,1,[[3,-13,[0,"e0EBQZ7UZEDrEznJOKmYwJ"],[5,126,126]],[15,0,-14,[0,"eeItsheC1LoKqpLL4EKgSS"],2],[29,10,54,0.04,false,-15,[0,"42js6R9n5PerSyPVQStY/4"]]],[4,"40Ai0mc6JCLLK6Ndlk0ocb",null,null,null,1,0],[1,-102,7.92,0]],[7,"priceTag",33554432,1,[[3,-16,[0,"203jG7++NMQbh5mFz20h2H"],[5,159.1,67.8]],[24,34,44.3,0.016712121212121213,false,-17,[0,"8ehiOkYN5BfJ2UlICKOvIa"]],[18,"$ 75",50,50,2,false,false,-18,[0,"b5Wo8nu7dGurYnZZPn1Q65"],[4,4278190080],3]],[4,"1dUHRWYr5IDpiox/0yv6s0",null,null,null,1,0],[1,95.14999999999999,3.309,0]]],0,[0,4,1,0,0,1,0,0,1,0,0,1,0,-1,2,0,-2,3,0,-3,4,0,0,2,0,0,2,0,0,2,0,7,2,0,0,2,0,0,3,0,0,3,0,0,3,0,0,4,0,0,4,0,0,4,0,8,1,18],[0,0,0,0,0],[2,6,2,5,2],[0,0,5,1,2]],[[{"name":"绿虚框选中","rect":{"x":0,"y":0,"width":438,"height":198},"offset":{"x":-34,"y":0},"originalSize":{"width":506,"height":198},"rotated":false,"capInsets":[0,0,0,0],"vertices":{"rawPosition":[-219,-99,0,219,-99,0,-219,99,0,219,99,0],"indexes":[0,1,2,2,1,3],"uv":[0,198,438,198,0,0,438,0],"nuv":[0,0,0.8656126482213439,0,0,1,0.8656126482213439,1],"minPos":{"x":-219,"y":-99,"z":0},"maxPos":{"x":219,"y":99,"z":0}},"packable":true,"pixelsToUnit":100,"pivot":{"x":0.5,"y":0.5},"meshType":0}],[0],0,[0],[3],[14]],[[{"name":"三花学姐","rect":{"x":0,"y":0,"width":84,"height":84},"offset":{"x":0,"y":0},"originalSize":{"width":84,"height":84},"rotated":false,"capInsets":[0,0,0,0],"vertices":{"rawPosition":[-42,-42,0,42,-42,0,-42,42,0,42,42,0],"indexes":[0,1,2,2,1,3],"uv":[0,84,84,84,0,0,84,0],"nuv":[0,0,1,0,0,1,1,1],"minPos":{"x":-42,"y":-42,"z":0},"maxPos":{"x":42,"y":42,"z":0}},"packable":true,"pixelsToUnit":100,"pivot":{"x":0.5,"y":0.5},"meshType":0}],[0],0,[0],[3],[15]],[[{"name":"shopKeeper","spriteFrames":["1","4562J4BjRGE47GUdLQFaOz@c30fb","2","4562J4BjRGE47GUdLQFaOz@c86cc","3","4562J4BjRGE47GUdLQFaOz@e7223","4","4562J4BjRGE47GUdLQFaOz@a795c"]}],[10],0,[],[],[]],[[{"name":"4","rect":{"x":776,"y":776,"width":776,"height":776},"offset":{"x":0,"y":0},"originalSize":{"width":776,"height":776},"rotated":false,"capInsets":[0,0,0,0],"vertices":{"rawPosition":[],"indexes":[],"uv":[],"nuv":[],"minPos":{"x":0,"y":0,"z":0},"maxPos":{"x":0,"y":0,"z":0}},"packable":true,"pixelsToUnit":100,"pivot":{"x":0.5,"y":0.5},"meshType":0}],[0],0,[0],[3],[3]],[[{"name":"1","rect":{"x":0,"y":0,"width":776,"height":776},"offset":{"x":0,"y":0},"originalSize":{"width":776,"height":776},"rotated":false,"capInsets":[0,0,0,0],"vertices":{"rawPosition":[],"indexes":[],"uv":[],"nuv":[],"minPos":{"x":0,"y":0,"z":0},"maxPos":{"x":0,"y":0,"z":0}},"packable":true,"pixelsToUnit":100,"pivot":{"x":0.5,"y":0.5},"meshType":0}],[0],0,[0],[3],[3]],[[{"name":"2","rect":{"x":776,"y":0,"width":776,"height":776},"offset":{"x":0,"y":0},"originalSize":{"width":776,"height":776},"rotated":false,"capInsets":[0,0,0,0],"vertices":{"rawPosition":[],"indexes":[],"uv":[],"nuv":[],"minPos":{"x":0,"y":0,"z":0},"maxPos":{"x":0,"y":0,"z":0}},"packable":true,"pixelsToUnit":100,"pivot":{"x":0.5,"y":0.5},"meshType":0}],[0],0,[0],[3],[3]],[[{"name":"3","rect":{"x":0,"y":776,"width":776,"height":776},"offset":{"x":0,"y":0},"originalSize":{"width":776,"height":776},"rotated":false,"capInsets":[0,0,0,0],"vertices":{"rawPosition":[],"indexes":[],"uv":[],"nuv":[],"minPos":{"x":0,"y":0,"z":0},"maxPos":{"x":0,"y":0,"z":0}},"packable":true,"pixelsToUnit":100,"pivot":{"x":0.5,"y":0.5},"meshType":0}],[0],0,[0],[3],[3]],[[{"name":"烤鸭片","rect":{"x":0,"y":0,"width":84,"height":84},"offset":{"x":0,"y":0},"originalSize":{"width":84,"height":84},"rotated":false,"capInsets":[0,0,0,0],"vertices":{"rawPosition":[-42,-42,0,42,-42,0,-42,42,0,42,42,0],"indexes":[0,1,2,2,1,3],"uv":[0,84,84,84,0,0,84,0],"nuv":[0,0,1,0,0,1,1,1],"minPos":{"x":-42,"y":-42,"z":0},"maxPos":{"x":42,"y":42,"z":0}},"packable":true,"pixelsToUnit":100,"pivot":{"x":0.5,"y":0.5},"meshType":0}],[0],0,[0],[3],[16]],[[{"name":"外卖柜","rect":{"x":0,"y":0,"width":84,"height":84},"offset":{"x":0,"y":0},"originalSize":{"width":84,"height":84},"rotated":false,"capInsets":[0,0,0,0],"vertices":{"rawPosition":[-42,-42,0,42,-42,0,-42,42,0,42,42,0],"indexes":[0,1,2,2,1,3],"uv":[0,84,84,84,0,0,84,0],"nuv":[0,0,1,0,0,1,1,1],"minPos":{"x":-42,"y":-42,"z":0},"maxPos":{"x":42,"y":42,"z":0}},"packable":true,"pixelsToUnit":100,"pivot":{"x":0.5,"y":0.5},"meshType":0}],[0],0,[0],[3],[17]],[[[12,"求是潮"],[13,"求是潮",33554432,[-5,-6,-7],[[3,-2,[0,"a2r4HvE3pPGL8eVFCVc+6Q"],[5,438,198]],[8,-3,[0,"a5BLXWtChOBbB7iZk8DikG"],4],[28,"“在求是潮的buff之下 钻石double闪闪!” 在关卡中钻石将变得相当值钱。",-4,[0,"7eaTAoZT5AWqMINVZwyrQb"]]],[4,"914YAhza1LzIaDhCak3vgb",null,null,null,-1,0],[1,0,-397,0],[1,1.2,1.2,1]],[7,"绿框",33554432,1,[[3,-8,[0,"cfi08pwQxOtpnCinfyfZFb"],[5,171,80]],[8,-9,[0,"afACmu+6xKoaBH1/k2UDzz"],0],[23,34,133.5,40,59,4,171,-10,[0,"afJhhVpQNNvZ5IUL6KCoKs"]],[25,1,-12,[0,"05wVkE5xBKfpCX0/6PBlYC"],[[17]],-11,1]],[4,"43TqHHAmlB8bqUoBSR1Nlr",null,null,null,1,0],[1,93.5,4,0]],[7,"icon",33554432,1,[[3,-13,[0,"6cy/n+bvRNC4T7okdVFaYo"],[5,126,126]],[15,0,-14,[0,"27Gy63cTtMxoe/pybPyV2g"],2],[31,10,54,0.04,false,-15,[0,"b3pd1djoNI3qk5Pj8VxEAD"],1]],[4,"9cleX+iJxKO40Oi8jCjYje",null,null,null,1,0],[1,-102,7.92,0]],[7,"priceTag",33554432,1,[[3,-16,[0,"e5OXXfYn9Lx7zqYV6eO4m8"],[5,159.1,67.8]],[24,34,44.3,0.016712121212121213,false,-17,[0,"72JuGPJGRHt5MK6k5ii1lH"]],[18,"$ 75",50,50,2,false,false,-18,[0,"fdhaWWTwlNEaU2B/zQtcsY"],[4,4278190080],3]],[4,"1e+b0QSrJLP6xu9v1bA93o",null,null,null,1,0],[1,95.14999999999999,3.309,0]]],0,[0,4,1,0,0,1,0,0,1,0,0,1,0,-1,2,0,-2,3,0,-3,4,0,0,2,0,0,2,0,0,2,0,7,2,0,0,2,0,0,3,0,0,3,0,0,3,0,0,4,0,0,4,0,0,4,0,8,1,18],[0,0,0,0,0],[2,6,2,5,2],[0,0,6,1,2]],[[{"name":"基础信息栏","rect":{"x":0,"y":0,"width":780,"height":152},"offset":{"x":0,"y":21},"originalSize":{"width":780,"height":194},"rotated":false,"capInsets":[0,0,0,0],"vertices":{"rawPosition":[-390,-76,0,390,-76,0,-390,76,0,390,76,0],"indexes":[0,1,2,2,1,3],"uv":[0,194,780,194,0,42,780,42],"nuv":[0,0.21649484536082475,1,0.21649484536082475,0,1,1,1],"minPos":{"x":-390,"y":-76,"z":0},"maxPos":{"x":390,"y":76,"z":0}},"packable":true,"pixelsToUnit":100,"pivot":{"x":0.5,"y":0.5},"meshType":0}],[0],0,[0],[3],[18]],[[{"name":"绿虚框","rect":{"x":0,"y":0,"width":438,"height":198},"offset":{"x":-0.5,"y":0},"originalSize":{"width":439,"height":198},"rotated":false,"capInsets":[0,0,0,0],"vertices":{"rawPosition":[-219,-99,0,219,-99,0,-219,99,0,219,99,0],"indexes":[0,1,2,2,1,3],"uv":[0,198,438,198,0,0,438,0],"nuv":[0,0,0.9977220956719818,0,0,1,0.9977220956719818,1],"minPos":{"x":-219,"y":-99,"z":0},"maxPos":{"x":219,"y":99,"z":0}},"packable":true,"pixelsToUnit":100,"pivot":{"x":0.5,"y":0.5},"meshType":0}],[0],0,[0],[3],[19]],[[{"name":"金币","rect":{"x":0,"y":0,"width":107,"height":104},"offset":{"x":-0.5,"y":0},"originalSize":{"width":108,"height":104},"rotated":false,"capInsets":[0,0,0,0],"vertices":{"rawPosition":[-53.5,-52,0,53.5,-52,0,-53.5,52,0,53.5,52,0],"indexes":[0,1,2,2,1,3],"uv":[0,104,107,104,0,0,107,0],"nuv":[0,0,0.9907407407407407,0,0,1,0.9907407407407407,1],"minPos":{"x":-53.5,"y":-52,"z":0},"maxPos":{"x":53.5,"y":52,"z":0}},"packable":true,"pixelsToUnit":100,"pivot":{"x":0.5,"y":0.5},"meshType":0}],[0],0,[0],[3],[20]],[[{"name":"已售罄","rect":{"x":52,"y":36,"width":89,"height":84},"offset":{"x":6.5,"y":17.5},"originalSize":{"width":180,"height":191},"rotated":false,"capInsets":[0,0,0,0],"vertices":{"rawPosition":[-44.5,-42,0,44.5,-42,0,-44.5,42,0,44.5,42,0],"indexes":[0,1,2,2,1,3],"uv":[52,155,141,155,52,71,141,71],"nuv":[0.28888888888888886,0.3717277486910995,0.7833333333333333,0.3717277486910995,0.28888888888888886,0.8115183246073299,0.7833333333333333,0.8115183246073299],"minPos":{"x":-44.5,"y":-42,"z":0},"maxPos":{"x":44.5,"y":42,"z":0}},"packable":true,"pixelsToUnit":100,"pivot":{"x":0.5,"y":0.5},"meshType":0}],[0],0,[0],[3],[21]],[[[12,"浙大体艺"],[13,"浙大体艺",33554432,[-5,-6,-7],[[3,-2,[0,"a2r4HvE3pPGL8eVFCVc+6Q"],[5,438,198]],[8,-3,[0,"a5BLXWtChOBbB7iZk8DikG"],4],[41,3,"崩坏时炸毁抓到的东西\n我保留了一点不稳定性,才知道你用的是浙大体艺",-4,[0,"1fjn+UaudHKa1mtHbmJWVm"]]],[4,"914YAhza1LzIaDhCak3vgb",null,null,null,-1,0],[1,0,-149,0],[1,1.1999999999999997,1.1999999999999997,0.9999999999999999]],[7,"绿框",33554432,1,[[3,-8,[0,"cfi08pwQxOtpnCinfyfZFb"],[5,171,80]],[8,-9,[0,"afACmu+6xKoaBH1/k2UDzz"],0],[23,34,133.5,40,59,4,171,-10,[0,"afJhhVpQNNvZ5IUL6KCoKs"]],[47,1,-12,[0,"21rB8hjRJN+YEh57CyVCqf"],[[17]],[4,4294964443],[4,4294960040],-11,1]],[4,"43TqHHAmlB8bqUoBSR1Nlr",null,null,null,1,0],[1,93.5,4,0]],[7,"icon",33554432,1,[[3,-13,[0,"a4aropTx9IQ7WKclPi8SWK"],[5,105,105]],[15,0,-14,[0,"f0E+VN2dZPBprA1FwQ+ssv"],2],[29,10,63,0.04,false,-15,[0,"0cHKUuBe1P4pXleZir0Q7X"]]],[4,"da9yRDEqdLC57hEh8JgJ+h",null,null,null,1,0],[1,-103.5,7.92,0]],[7,"priceTag",33554432,1,[[3,-16,[0,"b03l5DJjlP/Lnh+Xr6hLMw"],[5,159.1,67.8]],[44,34,44.3,0.016712121212121213,false,-17,[0,"adgw0tTgVHb71BaFXHekge"],1],[18,"$ 75",50,50,2,false,false,-18,[0,"40/HvGi29FeLM3RsZ1vPk0"],[4,4278190080],3]],[4,"1b2R26hZpCypEC8zPz+Wrw",null,null,null,1,0],[1,95.14999999999999,3.309,0]]],0,[0,4,1,0,0,1,0,0,1,0,0,1,0,-1,2,0,-2,3,0,-3,4,0,0,2,0,0,2,0,0,2,0,7,2,0,0,2,0,0,3,0,0,3,0,0,3,0,0,4,0,0,4,0,0,4,0,8,1,18],[0,0,0,0,0],[2,6,2,5,2],[0,0,7,1,2]],[[{"name":"商店背景","rect":{"x":0,"y":1,"width":780,"height":458},"offset":{"x":0,"y":-0.5},"originalSize":{"width":780,"height":459},"rotated":false,"capInsets":[0,0,0,0],"vertices":{"rawPosition":[-390,-229,0,390,-229,0,-390,229,0,390,229,0],"indexes":[0,1,2,2,1,3],"uv":[0,458,780,458,0,0,780,0],"nuv":[0,0,1,0,0,0.9978213507625272,1,0.9978213507625272],"minPos":{"x":-390,"y":-229,"z":0},"maxPos":{"x":390,"y":229,"z":0}},"packable":true,"pixelsToUnit":100,"pivot":{"x":0.5,"y":0.5},"meshType":0}],[0],0,[0],[3],[22]],[[[54,"Shop"],[32,"Canvas",512,33554432,"beI88Z2HpFELqR4T5EMHpg",[-15,-16,-17,-18,-19,-20,-21],[[6,-1,[5,1080,1920]],[55,-3,-2],[45,45,5.684341886080802e-14,5.684341886080802e-14,-4],[56,-14,[-9,-10,-11,-12,-13],[20,21,22,23,24],-8,-7,-6,-5,19,25,26]],[1,540,960,0]],[33,"content",512,33554432,[-24,-25,-26,-27,-28],[[38,-22,[5,600,1290],[0,0.5,1]],[57,2,50,50,-23]],[1,-0.849,544.752,0]],[14,512,{},2,[16,"914YAhza1LzIaDhCak3vgb",null,null,-39,[19,"ef4kZlaCVFmaG87DrqnTWy",null,[[5,"求是潮",["_name"],-29],[2,["_lpos"],-30,[1,0,-397,0]],[2,["_lrot"],-31,[3,0,0,0,1]],[2,["_euler"],-32,[1,0,0,0]],[20,["clickEvents","0","target"],-33,1],[5,"5fa8bB820lAl4KjWarmV5HU",["clickEvents","0","_componentId"],-34],[5,"BuyItem",["clickEvents","0","handler"],-35],[5,"2",["clickEvents","0","customEventData"],-36],[2,["_pressedColor"],-37,[4,4294960040]],[2,["_hoverColor"],-38,[4,4294964443]],[9,"mobile的光泽:\n\n在关卡中钻石将变得相当值钱\n“在求是潮的buff之下 钻石double闪闪!” ",["description"],[1,["7eaTAoZT5AWqMINVZwyrQb"]]]]],2]],[14,512,{},2,[16,"914YAhza1LzIaDhCak3vgb",null,null,-50,[19,"f8rp5ePbpEh4bJ4Yu9mwV7",null,[[5,"烤鸭卷",["_name"],-40],[2,["_lpos"],-41,[1,0,-645,0]],[2,["_lrot"],-42,[3,0,0,0,1]],[2,["_euler"],-43,[1,0,0,0]],[20,["clickEvents","0","target"],-44,1],[5,"5fa8bB820lAl4KjWarmV5HU",["clickEvents","0","_componentId"],-45],[5,"BuyItem",["clickEvents","0","handler"],-46],[5,"3",["clickEvents","0","customEventData"],-47],[2,["_hoverColor"],-48,[4,4294964443]],[2,["_pressedColor"],-49,[4,4294960040]],[9,"绿框",["_name"],[1,["43TqHHAmlB8bqUoBSR1Nlr"]]],[9,"烤鸭卷:\n\n买了它以后，在关卡中你的力气将会增加，即抓东西的速度会增加\n“总得足够好吃，才值得那么久的队”",["description"],[1,["22ci+HMEhDCrKMjp9xelOm"]]]]],3]],[14,512,{},2,[16,"914YAhza1LzIaDhCak3vgb",null,null,-61,[19,"095CNjUuRB/LReOYQSyMqK",null,[[5,"三花学姐",["_name"],-51],[2,["_lpos"],-52,[1,0,-893,0]],[2,["_lrot"],-53,[3,0,0,0,1]],[2,["_euler"],-54,[1,0,0,0]],[20,["clickEvents","0","target"],-55,1],[5,"5fa8bB820lAl4KjWarmV5HU",["clickEvents","0","_componentId"],-56],[5,"BuyItem",["clickEvents","0","handler"],-57],[5,"4",["clickEvents","0","customEventData"],-58],[2,["_hoverColor"],-59,[4,4294964443]],[2,["_pressedColor"],-60,[4,4294960040]],[9,"绿框",["_name"],[1,["43TqHHAmlB8bqUoBSR1Nlr"]]],[9,"三花的祝福:\n\n它将增强你在关卡中从色袋中取得好东西的机遇\n“没！有！人！不爱学姐！”",["description"],[1,["8ceJ2bibNIa7xgRgPVC3Hy"]]]]],4]],[14,512,{},2,[16,"914YAhza1LzIaDhCak3vgb",null,null,-72,[19,"e25aGGSyJJtLKZdBBD+MQm",null,[[5,"外卖柜",["_name"],-62],[2,["_lpos"],-63,[1,0,-1141,0]],[2,["_lrot"],-64,[3,0,0,0,1]],[2,["_euler"],-65,[1,0,0,0]],[20,["clickEvents","0","target"],-66,1],[5,"5fa8bB820lAl4KjWarmV5HU",["clickEvents","0","_componentId"],-67],[5,"BuyItem",["clickEvents","0","handler"],-68],[5,"5",["clickEvents","0","customEventData"],-69],[2,["_hoverColor"],-70,[4,4294964443]],[2,["_pressedColor"],-71,[4,4294960040]],[9,"绿框",["_name"],[1,["43TqHHAmlB8bqUoBSR1Nlr"]]],[9,"外卖柜:\n\n石头将有三次机遇会变成相当有价值的物品\n“你会打开哪个柜门？恭喜你，拥有交换价值的权利！”\n",["description"],[1,["864+7d4I5NkJ+4+8c9pcjh"]]]]],5]],[14,512,{},2,[16,"914YAhza1LzIaDhCak3vgb",null,null,-81,[19,"e29nBA/xZLb5H8IXvL/sTu",null,[[5,"浙大体艺",["_name"],-73],[2,["_lpos"],-74,[1,0,-149,0]],[2,["_lrot"],-75,[3,0,0,0,1]],[2,["_euler"],-76,[1,0,0,0]],[20,["clickEvents","0","target"],-77,1],[5,"5fa8bB820lAl4KjWarmV5HU",["clickEvents","0","_componentId"],-78],[5,"BuyItem",["clickEvents","0","handler"],-79],[5,"1",["clickEvents","0","customEventData"],-80],[9,"炸药:\n\n浙大体艺，强身健体，精神倍加，横扫一切",["description"],[1,["1fjn+UaudHKa1mtHbmJWVm"]]]]],1]],[1,["05wVkE5xBKfpCX0/6PBlYC"]],[1,["944pCy7TZLdLFlSdxul6L5"]],[1,["12wLMXM4FHC7LZnoMtpzL/"]],[1,["efjQg3U8ND56OFKyYLPGzD"]],[21,"基础信息栏",512,33554432,1,[-84,-85,-86],[[6,-82,[5,780,152]],[11,-83,14]],[1,5.035,859.326,0],[1,1.4,1.4,1]],[21,"金币显示框",512,33554432,1,[-89,-90,-91],[[6,-87,[5,146,46]],[11,-88,17]],[1,421.97,672.42,0],[1,1.2,1.2,1]],[30,"商品",512,33554432,1,[-95],[[6,-92,[5,600,1100]],[39,1,0,-93],[58,0.23,0.75,false,false,-94,2]],[1,-159.66999999999996,223.7059999999999,0]],[34,"view",512,33554432,14,[2],[[6,-96,[5,600,1100]],[59,-97],[60,-98,[4,4294967295],[4,16777215]]]],[1,["914YAhza1LzIaDhCak3vgb"]],[1,["21rB8hjRJN+YEh57CyVCqf"]],[1,["914YAhza1LzIaDhCak3vgb"]],[1,["914YAhza1LzIaDhCak3vgb"]],[1,["914YAhza1LzIaDhCak3vgb"]],[1,["914YAhza1LzIaDhCak3vgb"]],[21,"商店背景",512,33554432,1,[-101],[[6,-99,[5,780,458]],[11,-100,9]],[1,-1.1368683772161603e-13,-642.296,0],[1,1.3999999999999997,1.3999999999999997,0.9999999999999999]],[36,"老板",512,33554432,22,[[[6,-102,[5,776,776]],[40,-103,6,7],-104],4,4,1],[1,204.094,420.926,0],[1,0.8,0.8,1]],[22,"前去摸鱼",512,33554432,12,[[6,-105,[5,214.925,72.79717741935484]],[27,0,-106,10],[48,1,-107,[[49,"5fa8bB820lAl4KjWarmV5HU","StartGame",1]],11]],[1,255.31142857142868,0,0]],[30,"名字框",512,33554432,12,[-110],[[6,-108,[5,258.30857142857144,72.79714285714286]],[27,0,-109,12]],[1,-189.2785714285714,0,0]],[21,"对话框",512,33554432,1,[-113],[[6,-111,[5,638,346]],[11,-112,18]],[1,-4.395,-611.911,0],[1,1.5,1.5,1]],[35,"纯白",512,33554432,1,[[6,-114,[5,293,374.3962]],[27,0,-115,0]],[1,0,-26.905500000000018,0],[1,3.7,5,1]],[26,"名字",512,33554432,25,[[[6,-116,[5,196.6507142857143,63.364285714285714]],-117],4,1],[1,26.115214285714288,0.507857142857143,0]],[22,"头像框",512,33554432,12,[[6,-118,[5,115,115]],[11,-119,13]],[1,-318.433,-0.001,0]],[22,"金币",512,33554432,13,[[6,-120,[5,107,104]],[11,-121,15]],[1,-103.877,0,0]],[22,"dollar-sign",512,33554432,13,[[6,-122,[5,46,52]],[11,-123,16]],[1,-102.161,0,0]],[26,"Label",512,33554432,13,[[[6,-124,[5,73.44,37.4]],-125],4,1],[1,-4.191,0,0]],[26,"Label",512,33554432,26,[[[6,-126,[5,580.4953333333333,295.112]],-127],4,1],[1,-1.1993333333333318,-25.44833333333333,0]],[61,"Shop",[1],[43,null,null,"b1275fe4-3522-4d66-b2fb-52501a33a579",null,[[10,["_target"],4,[1,["944pCy7TZLdLFlSdxul6L5"]],4,[1,["43TqHHAmlB8bqUoBSR1Nlr"]]],[10,["target"],4,[1,["944pCy7TZLdLFlSdxul6L5"]],3,[1,["43TqHHAmlB8bqUoBSR1Nlr"]]],[10,["_target"],5,[1,["12wLMXM4FHC7LZnoMtpzL/"]],5,[1,["43TqHHAmlB8bqUoBSR1Nlr"]]],[10,["target"],5,[1,["12wLMXM4FHC7LZnoMtpzL/"]],3,[1,["43TqHHAmlB8bqUoBSR1Nlr"]]],[10,["_target"],6,[1,["efjQg3U8ND56OFKyYLPGzD"]],6,[1,["43TqHHAmlB8bqUoBSR1Nlr"]]],[10,["target"],6,[1,["efjQg3U8ND56OFKyYLPGzD"]],3,[1,["43TqHHAmlB8bqUoBSR1Nlr"]]],[10,["_target"],3,[1,["05wVkE5xBKfpCX0/6PBlYC"]],3,[1,["43TqHHAmlB8bqUoBSR1Nlr"]]],[10,["_target"],7,[1,["21rB8hjRJN+YEh57CyVCqf"]],7,[1,["43TqHHAmlB8bqUoBSR1Nlr"]]]],[7,3,4,5,6]],[62,[63,[2,0,0,0,0.520833125],[2,0,0,0,0]],[64,[4,4283190348],[0,512,512]],[65],[66],[67],[68]]],[37,"Camera",512,1,[-128],[1,0,0,1000]],[69,0,960,0,1108344832,35,[4,4278190080]],[70,23,[8]],[50,"TOMATO",44,45,45.8,2,false,28,[4,4278190080]],[51,"555",0,50,50,"MuyaoFont",37.4,false,32,[4,4278190080]],[52,"欢迎光临!\n\n想知道三花学姐的能力，点击它试试",0,40,"FZZhengYuanS",42,2,false,33,[4,4278190080]]],0,[0,0,1,0,12,36,0,0,1,0,0,1,0,13,37,0,14,40,0,15,38,0,16,39,0,-1,7,0,-2,3,0,-3,4,0,-4,5,0,-5,6,0,0,1,0,-1,35,0,-2,27,0,-3,14,0,-4,22,0,-5,12,0,-6,13,0,-7,26,0,0,2,0,0,2,0,-1,7,0,-2,3,0,-3,4,0,-4,5,0,-5,6,0,1,18,0,1,18,0,1,18,0,1,18,0,1,8,0,1,8,0,1,8,0,1,8,0,1,8,0,1,8,0,4,3,0,1,19,0,1,19,0,1,19,0,1,19,0,1,9,0,1,9,0,1,9,0,1,9,0,1,9,0,1,9,0,4,4,0,1,20,0,1,20,0,1,20,0,1,20,0,1,10,0,1,10,0,1,10,0,1,10,0,1,10,0,1,10,0,4,5,0,1,21,0,1,21,0,1,21,0,1,21,0,1,11,0,1,11,0,1,11,0,1,11,0,1,11,0,1,11,0,4,6,0,1,16,0,1,16,0,1,16,0,1,16,0,1,17,0,1,17,0,1,17,0,1,17,0,4,7,0,0,12,0,0,12,0,-1,24,0,-2,25,0,-3,29,0,0,13,0,0,13,0,-1,30,0,-2,31,0,-3,32,0,0,14,0,0,14,0,0,14,0,-1,15,0,0,15,0,0,15,0,0,15,0,0,22,0,0,22,0,-1,23,0,0,23,0,0,23,0,-3,37,0,0,24,0,0,24,0,0,24,0,0,25,0,0,25,0,-1,28,0,0,26,0,0,26,0,-1,33,0,0,27,0,0,27,0,0,28,0,-2,38,0,0,29,0,0,29,0,0,30,0,0,30,0,0,31,0,0,31,0,0,32,0,-2,39,0,0,33,0,-2,40,0,-1,36,0,17,34,1,10,34,2,10,15,128],[0,0,0,0,0,0,0,0,0,0,0,0,0,0,0,0,0,0,0,0,0,0,0,0,0,0,0,37,38,39,40],[2,9,9,9,9,9,2,18,-1,2,2,6,2,2,2,2,2,2,2,19,-1,-2,-3,-4,-5,20,21,22,5,5,5],[23,24,25,26,27,28,29,30,8,31,9,9,32,33,34,35,36,37,38,39,7,6,5,10,4,2,40,8,1,1,41]],[[{"name":"头像框","rect":{"x":0,"y":0,"width":115,"height":115},"offset":{"x":0,"y":0},"originalSize":{"width":115,"height":115},"rotated":false,"capInsets":[0,0,0,0],"vertices":{"rawPosition":[-57.5,-57.5,0,57.5,-57.5,0,-57.5,57.5,0,57.5,57.5,0],"indexes":[0,1,2,2,1,3],"uv":[0,115,115,115,0,0,115,0],"nuv":[0,0,1,0,0,1,1,1],"minPos":{"x":-57.5,"y":-57.5,"z":0},"maxPos":{"x":57.5,"y":57.5,"z":0}},"packable":true,"pixelsToUnit":100,"pivot":{"x":0.5,"y":0.5},"meshType":0}],[0],0,[0],[3],[42]],[[{"name":"求是潮","rect":{"x":0,"y":0,"width":84,"height":84},"offset":{"x":0,"y":0},"originalSize":{"width":84,"height":84},"rotated":false,"capInsets":[0,0,0,0],"vertices":{"rawPosition":[-42,-42,0,42,-42,0,-42,42,0,42,42,0],"indexes":[0,1,2,2,1,3],"uv":[0,84,84,84,0,0,84,0],"nuv":[0,0,1,0,0,1,1,1],"minPos":{"x":-42,"y":-42,"z":0},"maxPos":{"x":42,"y":42,"z":0}},"packable":true,"pixelsToUnit":100,"pivot":{"x":0.5,"y":0.5},"meshType":0}],[0],0,[0],[3],[43]],[[{"name":"金币显示框","rect":{"x":0,"y":0,"width":146,"height":46},"offset":{"x":0,"y":0},"originalSize":{"width":146,"height":46},"rotated":false,"capInsets":[0,0,0,0],"vertices":{"rawPosition":[-73,-23,0,73,-23,0,-73,23,0,73,23,0],"indexes":[0,1,2,2,1,3],"uv":[0,46,146,46,0,0,146,0],"nuv":[0,0,1,0,0,1,1,1],"minPos":{"x":-73,"y":-23,"z":0},"maxPos":{"x":73,"y":23,"z":0}},"packable":true,"pixelsToUnit":100,"pivot":{"x":0.5,"y":0.5},"meshType":0}],[0],0,[0],[3],[44]],[[[12,"三花学姐"],[13,"三花学姐",33554432,[-5,-6,-7],[[3,-2,[0,"a2r4HvE3pPGL8eVFCVc+6Q"],[5,438,198]],[8,-3,[0,"a5BLXWtChOBbB7iZk8DikG"],4],[42,50,"它将增强你在下一关中从色袋中取得好东西的机遇。",-4,[0,"8ceJ2bibNIa7xgRgPVC3Hy"]]],[4,"914YAhza1LzIaDhCak3vgb",null,null,null,-1,0],[1,0,-893,0],[1,1.2,1.2,1]],[7,"绿框",33554432,1,[[3,-8,[0,"cfi08pwQxOtpnCinfyfZFb"],[5,171,80]],[8,-9,[0,"afACmu+6xKoaBH1/k2UDzz"],0],[46,34,133.5,40,59,0.04,false,171,-10,[0,"afJhhVpQNNvZ5IUL6KCoKs"]],[25,1,-12,[0,"12wLMXM4FHC7LZnoMtpzL/"],[[17]],-11,1]],[4,"43TqHHAmlB8bqUoBSR1Nlr",null,null,null,1,0],[1,93.5,7.92,0]],[7,"icon",33554432,1,[[3,-13,[0,"61WPGdTPlJ/6+gRa3yag4F"],[5,126,126]],[15,0,-14,[0,"9baa4dNchDHIucSBCdCTGo"],2],[29,10,54,0.04,false,-15,[0,"2fVb/ckEZLm4lMdiYy/Ztm"]]],[4,"f3E+2J9F5K9LZUK8KWaKLY",null,null,null,1,0],[1,-102,7.92,0]],[7,"priceTag",33554432,1,[[3,-16,[0,"c7LV6sBchMMrrQPcUyEVb1"],[5,159.1,67.8]],[24,34,44.3,0.016712121212121213,false,-17,[0,"c5cxr430FG34t84eC2li1u"]],[18,"$ 75",50,50,2,false,false,-18,[0,"d1Bntt6J9OLZqLXrUzMbtY"],[4,4278190080],3]],[4,"f9idCz0GZNEb0QH31XVKFd",null,null,null,1,0],[1,95.14999999999999,3.309,0]]],0,[0,4,1,0,0,1,0,0,1,0,0,1,0,-1,2,0,-2,3,0,-3,4,0,0,2,0,0,2,0,0,2,0,7,2,0,0,2,0,0,3,0,0,3,0,0,3,0,0,4,0,0,4,0,0,4,0,8,1,18],[0,0,0,0,0],[2,6,2,5,2],[0,0,10,1,2]],[[{"name":"对话框","rect":{"x":0,"y":0,"width":638,"height":346},"offset":{"x":0,"y":0},"originalSize":{"width":638,"height":346},"rotated":false,"capInsets":[0,0,0,0],"vertices":{"rawPosition":[-319,-173,0,319,-173,0,-319,173,0,319,173,0],"indexes":[0,1,2,2,1,3],"uv":[0,346,638,346,0,0,638,0],"nuv":[0,0,1,0,0,1,1,1],"minPos":{"x":-319,"y":-173,"z":0},"maxPos":{"x":319,"y":173,"z":0}},"packable":true,"pixelsToUnit":100,"pivot":{"x":0.5,"y":0.5},"meshType":0}],[0],0,[0],[3],[45]],[[{"name":"dollar-sign","rect":{"x":16,"y":13,"width":46,"height":52},"offset":{"x":-0.5,"y":0.5},"originalSize":{"width":79,"height":79},"rotated":false,"capInsets":[0,0,0,0],"vertices":{"rawPosition":[-23,-26,0,23,-26,0,-23,26,0,23,26,0],"indexes":[0,1,2,2,1,3],"uv":[16,66,62,66,16,14,62,14],"nuv":[0.20253164556962025,0.17721518987341772,0.7848101265822784,0.17721518987341772,0.20253164556962025,0.8354430379746836,0.7848101265822784,0.8354430379746836],"minPos":{"x":-23,"y":-26,"z":0},"maxPos":{"x":23,"y":26,"z":0}},"packable":true,"pixelsToUnit":100,"pivot":{"x":0.5,"y":0.5},"meshType":0}],[0],0,[0],[3],[46]]]]
