[1,["fcgvbnIJhDeKdyNNUEyIPn@6c48a"],["_textureSource"],["cc.SpriteFrame"],0,[{"name":"开始页背景","rect":{"x":0,"y":40,"width":390,"height":211},"offset":{"x":0,"y":-20},"originalSize":{"width":390,"height":251},"rotated":false,"capInsets":[0,0,0,0],"vertices":{"rawPosition":[-195,-105.5,0,195,-105.5,0,-195,105.5,0,195,105.5,0],"indexes":[0,1,2,2,1,3],"uv":[0,211,390,211,0,0,390,0],"nuv":[0,0,1,0,0,0.8406374501992032,1,0.8406374501992032],"minPos":{"x":-195,"y":-105.5,"z":0},"maxPos":{"x":195,"y":105.5,"z":0}},"packable":true,"pixelsToUnit":100,"pivot":{"x":0.5,"y":0.5},"meshType":0}],[0],0,[0],[0],[0]]
