[1,["1ceSqX3c9N/qZSmpK0G9Vr@6c48a"],["_textureSource"],["cc.SpriteFrame"],0,[{"name":"submitButton","rect":{"x":199,"y":22,"width":464,"height":128},"offset":{"x":41,"y":0.5},"originalSize":{"width":780,"height":173},"rotated":false,"capInsets":[0,0,0,0],"vertices":{"rawPosition":[-232,-64,0,232,-64,0,-232,64,0,232,64,0],"indexes":[0,1,2,2,1,3],"uv":[199,151,663,151,199,23,663,23],"nuv":[0.2551282051282051,0.1329479768786127,0.85,0.1329479768786127,0.2551282051282051,0.8728323699421965,0.85,0.8728323699421965],"minPos":{"x":-232,"y":-64,"z":0},"maxPos":{"x":232,"y":64,"z":0}},"packable":true,"pixelsToUnit":100,"pivot":{"x":0.5,"y":0.5},"meshType":0}],[0],0,[0],[0],[0]]
