[1,["5dUPKL+6pL2rNIRgVlN7px","ecgUbsY4hCkLdoDgzi+nt0","03YbdsXFZHMI62isZaAHll@6c48a","03YbdsXFZHMI62isZaAHll@f9941","9aUjcsQ11M9LS4GF0eil3h@f9941","65NpSOSllLJY3LepyHFO+i@f9941","51g79sqqFNvbKtCurlBIdX@f9941","51g79sqqFNvbKtCurlBIdX@6c48a","9aUjcsQ11M9LS4GF0eil3h@6c48a"],["node","_spriteFrame","_textureSource","_font","_cameraComponent","scene","_parent","_defaultClip"],[["cc.Node",["_name","_layer","_id","_components","_lpos","_parent","_children","_lscale"],0,9,5,1,2,5],"cc.SpriteFrame",["cc.UITransform",["node","_contentSize","_anchorPoint"],3,1,5,5],["cc.Sprite",["_sizeMode","node","_spriteFrame"],2,1,6],["cc.Label",["_string","_actualFontSize","_fontSize","_lineHeight","_enableWrapText","_isSystemFontUsed","_overflow","node","_color"],-4,1,5],["cc.SceneAsset",["_name"],2],["cc.Node",["_name","_layer","_parent","_components","_lpos","_lscale"],1,1,12,5,5],["cc.Node",["_name","_parent","_components","_lpos"],2,1,2,5],["cc.Canvas",["node","_cameraComponent"],3,1,1],["cc.Widget",["_alignFlags","_top","_bottom","node"],0,1],["cc.Mask",["node"],3,1],["cc.Graphics",["node","_fillColor"],3,1,5],["cc.Animation",["playOnLoad","node","_clips","_defaultClip"],2,1,3,6],["cc.Scene",["_name","_children","_globals"],2,2,4],["cc.SceneGlobals",["ambient","shadows","_skybox","fog","octree","lightProbeInfo"],3,4,4,4,4,4,4],["cc.AmbientInfo",["_skyColorHDR","_groundAlbedoHDR"],3,5,5],["cc.ShadowsInfo",["_shadowColor","_size"],3,5,5],["cc.SkyboxInfo",[],3],["cc.FogInfo",[],3],["cc.OctreeInfo",[],3],["cc.LightProbeInfo",[],3],["cc.Camera",["_projection","_orthoHeight","_near","_visibility","node","_color"],-1,1,5],["1b536RpDYFJdLWv6lH7xnBr",["node","titleLabel","contentLabel"],3,1,1,1]],[[2,0,1,1],[3,1,2,1],[0,0,1,5,6,3,4,7,3],[0,0,1,5,3,4,7,3],[6,0,1,2,3,4,5,3],[5,0,2],[0,0,1,2,6,3,4,4],[0,0,1,5,6,3,4,3],[0,0,1,5,3,3],[7,0,1,2,3,2],[2,0,1,2,1],[8,0,1,1],[9,0,1,2,3,4],[3,0,1,2,2],[10,0,1],[11,0,1,1],[12,0,1,2,3,2],[13,0,1,2,2],[14,0,1,2,3,4,5,1],[15,0,1,1],[16,0,1,1],[17,1],[18,1],[19,1],[20,1],[21,0,1,2,3,4,5,5],[4,0,1,2,3,4,5,7,8,7],[4,0,1,2,3,6,4,5,7,8,8],[22,0,1,2,1]],[[[{"name":"StartPageItem","rect":{"x":0,"y":81,"width":765,"height":1518},"offset":{"x":-7.5,"y":4},"originalSize":{"width":780,"height":1688},"rotated":false,"capInsets":[0,0,0,0],"vertices":{"rawPosition":[-382.5,-759,0,382.5,-759,0,-382.5,759,0,382.5,759,0],"indexes":[0,1,2,2,1,3],"uv":[0,1607,765,1607,0,89,765,89],"nuv":[0,0.052725118483412325,0.9807692307692307,0.052725118483412325,0,0.9520142180094787,0.9807692307692307,0.9520142180094787],"minPos":{"x":-382.5,"y":-759,"z":0},"maxPos":{"x":382.5,"y":759,"z":0}},"packable":true,"pixelsToUnit":100,"pivot":{"x":0.5,"y":0.5},"meshType":0}],[1],0,[0],[2],[2]],[[[5,"TrialHall"],[6,"Canvas",33554432,"beI88Z2HpFELqR4T5EMHpg",[-5,-6,-7,-8],[[0,-1,[5,1080,1920]],[11,-3,-2],[12,45,-5.684341886080802e-14,-5.684341886080802e-14,-4]],[1,540,960,0]],[2,"informBlock",33554432,1,[-11,-12,-13],[[0,-9,[5,735,929]],[1,-10,5]],[1,0,34.967,0],[1,1.4,1.15,1]],[7,"mask",33554432,2,[-17],[[0,-14,[5,651.07,462.93739130434784]],[14,-15],[15,-16,[4,16777215]]],[1,0,56.703,0]],[2,"StatPageBackground",33554432,1,[-20],[[0,-18,[5,390,844]],[1,-19,1]],[1,0,11.252,0],[1,2.8,2.3,1]],[3,"blueBlingBling",33554432,3,[[0,-21,[5,689.3689999999999,692.1045912698412]],[13,0,-22,2],[16,true,-23,[3],4]],[1,-1.1368683772161603e-13,225.63091304347836,0],[1,0.7142857142857143,0.8695652173913044,1]],[3,"StartPageItem",33554432,4,[[10,-24,[5,765,1518],[0,0.4558011204481793,0.4939584170926426]],[1,-25,0]],[1,-16.906071428571465,-4.573478260869479,0],[1,0.5,0.5,1]],[4,"Title",33554432,2,[[[0,-26,[5,431.25,150]],-27],4,1],[1,-2.934,33.97,0],[1,0.7142857142857143,0.8695652173913044,1]],[4,"Content",33554432,2,[[[0,-28,[5,915.586,199.248]],-29],4,1],[1,-17.725,-177.744,0],[1,0.7142857142857143,0.8695652173913044,1]],[17,"TrialHall",[1],[18,[19,[2,0,0,0,0.520833125],[2,0,0,0,0]],[20,[4,4283190348],[0,512,512]],[21],[22],[23],[24]]],[9,"Camera",1,[-30],[1,0,0,1000]],[25,0,960,0,1108344832,10,[4,4278190080]],[26,"第 1 关",150,150,150,false,false,7,[4,4289122328]],[27,"目标分：999",135,135,26,2,false,false,8,[4,4289122328]],[8,"LevelJudger",33554432,1,[[28,-31,12,13]]]],0,[0,0,1,0,4,11,0,0,1,0,0,1,0,-1,10,0,-2,4,0,-3,2,0,-4,14,0,0,2,0,0,2,0,-1,3,0,-2,7,0,-3,8,0,0,3,0,0,3,0,0,3,0,-1,5,0,0,4,0,0,4,0,-1,6,0,0,5,0,0,5,0,0,5,0,0,6,0,0,6,0,0,7,0,-2,12,0,0,8,0,-2,13,0,-1,11,0,0,14,0,5,9,1,6,9,31],[0,0,0,0,0,0,12,13],[1,1,1,-1,7,1,3,3],[3,4,5,0,0,6,1,1]],[[{"name":"上传框","rect":{"x":19,"y":186,"width":735,"height":929},"offset":{"x":-3.5,"y":34.5},"originalSize":{"width":780,"height":1370},"rotated":false,"capInsets":[0,0,0,0],"vertices":{"rawPosition":[-367.5,-464.5,0,367.5,-464.5,0,-367.5,464.5,0,367.5,464.5,0],"indexes":[0,1,2,2,1,3],"uv":[19,1184,754,1184,19,255,754,255],"nuv":[0.02435897435897436,0.18613138686131386,0.9666666666666667,0.18613138686131386,0.02435897435897436,0.8642335766423358,0.9666666666666667,0.8642335766423358],"minPos":{"x":-367.5,"y":-464.5,"z":0},"maxPos":{"x":367.5,"y":464.5,"z":0}},"packable":true,"pixelsToUnit":100,"pivot":{"x":0.5,"y":0.5},"meshType":0}],[1],0,[0],[2],[7]],[[{"name":"StatPageBackground","rect":{"x":0,"y":0,"width":390,"height":844},"offset":{"x":0,"y":0},"originalSize":{"width":390,"height":844},"rotated":false,"capInsets":[0,0,0,0],"vertices":{"rawPosition":[-195,-422,0,195,-422,0,-195,422,0,195,422,0],"indexes":[0,1,2,2,1,3],"uv":[0,844,390,844,0,0,390,0],"nuv":[0,0,1,0,0,1,1,1],"minPos":{"x":-195,"y":-422,"z":0},"maxPos":{"x":195,"y":422,"z":0}},"packable":true,"pixelsToUnit":100,"pivot":{"x":0.5,"y":0.5},"meshType":0}],[1],0,[0],[2],[8]]]]
