[1,["61MP9BUDdEcLWb0YdLL6Cq@6c48a"],["_textureSource"],["cc.SpriteFrame"],0,[{"name":"Hook","rect":{"x":0,"y":4,"width":396,"height":175},"offset":{"x":-24.5,"y":1},"originalSize":{"width":445,"height":185},"rotated":false,"capInsets":[0,0,0,0],"vertices":{"rawPosition":[-198,-87.5,0,198,-87.5,0,-198,87.5,0,198,87.5,0],"indexes":[0,1,2,2,1,3],"uv":[0,181,396,181,0,6,396,6],"nuv":[0,0.032432432432432434,0.8898876404494382,0.032432432432432434,0,0.9783783783783784,0.8898876404494382,0.9783783783783784],"minPos":{"x":-198,"y":-87.5,"z":0},"maxPos":{"x":198,"y":87.5,"z":0}},"packable":true,"pixelsToUnit":100,"pivot":{"x":0.5,"y":0.5},"meshType":0}],[0],0,[0],[0],[0]]
