[1,["02Bmtp04dLY6M/vweNKgte@6c48a"],["_textureSource"],["cc.SpriteFrame"],0,[{"name":"老板","rect":{"x":14,"y":25,"width":346,"height":407},"offset":{"x":-3,"y":-12.5},"originalSize":{"width":380,"height":432},"rotated":false,"capInsets":[0,0,0,0],"vertices":{"rawPosition":[-173,-203.5,0,173,-203.5,0,-173,203.5,0,173,203.5,0],"indexes":[0,1,2,2,1,3],"uv":[14,407,360,407,14,0,360,0],"nuv":[0.03684210526315789,0,0.9473684210526315,0,0.03684210526315789,0.9421296296296297,0.9473684210526315,0.9421296296296297],"minPos":{"x":-173,"y":-203.5,"z":0},"maxPos":{"x":173,"y":203.5,"z":0}},"packable":true,"pixelsToUnit":100,"pivot":{"x":0.5,"y":0.5},"meshType":0}],[0],0,[0],[0],[0]]
