[1,["d4UgFnvIVGL5ZQ5SNl2cs3@6c48a"],["_textureSource"],["cc.SpriteFrame"],0,[{"name":"猫","rect":{"x":65,"y":47,"width":104,"height":134},"offset":{"x":-4.5,"y":7.5},"originalSize":{"width":243,"height":243},"rotated":false,"capInsets":[0,0,0,0],"vertices":{"rawPosition":[-52,-67,0,52,-67,0,-52,67,0,52,67,0],"indexes":[0,1,2,2,1,3],"uv":[65,196,169,196,65,62,169,62],"nuv":[0.2674897119341564,0.2551440329218107,0.6954732510288066,0.2551440329218107,0.2674897119341564,0.8065843621399177,0.6954732510288066,0.8065843621399177],"minPos":{"x":-52,"y":-67,"z":0},"maxPos":{"x":52,"y":67,"z":0}},"packable":true,"pixelsToUnit":100,"pivot":{"x":0.5,"y":0.5},"meshType":0}],[0],0,[0],[0],[0]]
