[1,["cbeF5WmUVHp4DEKK+qZoee@6c48a"],["_textureSource"],["cc.SpriteFrame"],0,[{"name":"白底","rect":{"x":24,"y":0,"width":736,"height":1096},"offset":{"x":2,"y":0},"originalSize":{"width":780,"height":1096},"rotated":false,"capInsets":[0,0,0,0],"vertices":{"rawPosition":[-368,-548,0,368,-548,0,-368,548,0,368,548,0],"indexes":[0,1,2,2,1,3],"uv":[24,1096,760,1096,24,0,760,0],"nuv":[0.03076923076923077,0,0.9743589743589743,0,0.03076923076923077,1,0.9743589743589743,1],"minPos":{"x":-368,"y":-548,"z":0},"maxPos":{"x":368,"y":548,"z":0}},"packable":true,"pixelsToUnit":100,"pivot":{"x":0.5,"y":0.5},"meshType":0}],[0],0,[0],[0],[0]]
