[1,["ecgUbsY4hCkLdoDgzi+nt0","e06NGV6ltAA7L/qGgY2hnE@f9941","a8lI5v4vdFrqhK+ClM+MTs@f9941","20g1ukYUVPvKWKBRznAKo+@f9941","54TknWPwVPqJqeCR+Y/Czo@f9941","95EkngnxZFbYuFpsqVTaFr@f9941","c4B9o2eqBOtocpi7sz1T/s@f9941","9f6mi3qWtL0YwRi0xljrz2","dctxZYxANDR4y2yzbTPq9w@f9941","9f0w48b6xJ8YtUX+EPvPE5@f9941","5aq4JudjpLya1Pm1nkxxFM@f9941","0brQb85xpLSZAam6ZEUJSm@6c48a","24W5xVs2ZEGbf/usWTDcPr@6c48a","24W5xVs2ZEGbf/usWTDcPr@f9941","59IcH8qZlIdYcwAYqLFS4e@6c48a","5aq4JudjpLya1Pm1nkxxFM@6c48a","63tN2aIb5JU7Ohy4UfSwzI@6c48a","69XKySnyBMbrd7HXdIjqn3@6c48a","89moe0JCdL3Jbd8Jgv7LKy@6c48a","14rD4MPGRC7rxd49p0EtEc@f9941","ffuIqPr2JI9I8dPLYGRDpD@f9941","69XKySnyBMbrd7HXdIjqn3@f9941","63tN2aIb5JU7Ohy4UfSwzI@f9941","c7oF/g6hRH0bapEzu6wPYv@f9941","fesRJSRdZBrYosjfjFYj/r@de8a0","fesRJSRdZBrYosjfjFYj/r","89moe0JCdL3Jbd8Jgv7LKy@f9941","b4DagJ6ldBzLJVqmlaQlGi","33VWUU+9RD37KQft3qbQuY","0brQb85xpLSZAam6ZEUJSm@f9941","abQKvRgFpHa6FTmL/XCfxR@f9941","afxHkx8GZGsJC+n+YfITQo@f9941","a8lI5v4vdFrqhK+ClM+MTs@6c48a","59IcH8qZlIdYcwAYqLFS4e@f9941","c4B9o2eqBOtocpi7sz1T/s@6c48a","c7oF/g6hRH0bapEzu6wPYv@6c48a","dctxZYxANDR4y2yzbTPq9w@6c48a"],["node","_spriteFrame","_font","_textureSource","_normalSprite","_target","_parent","root","data","_hoverSprite","_pressedSprite","_disabledSprite","_cameraComponent","target","rewardRankLabel","rewardBoardId","judgement","transcendRankLabel","transcendPercentLabel","hisScoreLabel","curScoreLabel","scene","_scrollView","_atlas","_defaultClip","oneRecordOdd","oneRecordEven"],[["cc.Node",["_name","_layer","_id","_active","_components","_lpos","_parent","_children","_prefab","_lscale"],-1,9,5,1,2,4,5],["cc.Label",["_string","_actualFontSize","_fontSize","_isSystemFontUsed","_lineHeight","_overflow","_enableWrapText","_horizontalAlign","_spacingX","node","_color","_font","__prefab"],-6,1,5,6,4],"cc.SpriteFrame",["cc.Sprite",["_sizeMode","_type","_enabled","node","_spriteFrame","__prefab","_color","_atlas"],0,1,6,4,5,6],["cc.UITransform",["node","_contentSize","__prefab","_anchorPoint"],3,1,5,4,5],["cc.Button",["_transition","node","clickEvents","_normalSprite","_hoverColor","_pressedColor","_target","_hoverSprite","_pressedSprite","_disabledSprite"],2,1,9,6,5,5,1,6,6,6],["cc.Node",["_name","_layer","_active","_components","_lpos","_children","_parent"],0,12,5,2,1],["cc.Widget",["_alignFlags","_alignMode","_top","_bottom","_originalHeight","_left","node"],-3,1],["cc.ClickEvent",["_componentId","handler","target"],1,1],["cc.Prefab",["_name"],2],["cc.Node",["_name","_parent","_components","_lpos"],2,1,2,5],["cc.CompPrefabInfo",["fileId"],2],["cc.PrefabInfo",["fileId","instance","targetOverrides","nestedPrefabInstanceRoots","root","asset"],-1,1,1],["cc.PrefabInfo",["root","asset","fileId","instance","targetOverrides","nestedPrefabInstanceRoots"],-3],["cc.SceneAsset",["_name"],2],["cc.Canvas",["node","_cameraComponent"],3,1,1],["cc.BlockInputEvents",["_enabled","node"],2,1],["3011e5bANJIb6AAWlzqoTbH",["node"],3,1],["cc.Layout",["_resizeMode","_layoutType","_paddingTop","_paddingBottom","_spacingY","_isAlign","node"],-3,1],["cc.Mask",["node"],3,1],["cc.Graphics",["node","_fillColor"],3,1,5],["cc.Scene",["_name","_children","_prefab","_globals"],2,2,4,4],["cc.SceneGlobals",["ambient","shadows","_skybox","fog","octree","lightProbeInfo"],3,4,4,4,4,4,4],["cc.AmbientInfo",["_skyColorHDR","_groundAlbedoHDR"],3,5,5],["cc.ShadowsInfo",["_shadowColor","_size"],3,5,5],["cc.SkyboxInfo",[],3],["cc.FogInfo",[],3],["cc.OctreeInfo",[],3],["cc.LightProbeInfo",[],3],["cc.Animation",["playOnLoad","node","_clips","_defaultClip"],2,1,3,6],["bc66dIc51ZOHb7dOOwZJkZa",["judgeSentences","node","RankParentNode","curScoreLabel","hisScoreLabel","transcendPercentLabel","transcendRankLabel","judgement","rewardBoard","rewardBoardId","rewardRankLabel","LoadingNode","LoadingFailNode","oneRecordOdd","oneRecordEven"],2,1,1,1,1,1,1,1,1,1,1,1,1,6,6],["cc.Camera",["_projection","_orthoHeight","_near","_visibility","node","_color"],-1,1,5],["cc.ScrollBar",["_direction","node","_handle"],2,1,1],["cc.ScrollView",["bounceDuration","brake","horizontal","node","_content","_verticalScrollBar"],0,1,1,1]],[[4,0,1,1],[0,0,1,6,4,5,3],[11,0,2],[3,0,3,4,2],[6,0,1,6,3,4,3],[4,0,2,1,1],[12,0,1,2,3,4,5,5],[0,0,1,6,4,8,5,3],[4,0,1,3,1],[0,0,1,6,7,4,5,3],[8,0,1,2,3],[4,0,1],[3,1,0,3,4,3],[3,0,3,6,4,2],[1,0,1,2,4,5,6,3,8,9,10,9],[5,1,2,6,3,1],[9,0,2],[0,0,1,7,4,8,5,3],[0,0,3,1,6,7,4,5,4],[3,0,3,5,4,2],[1,0,7,1,2,4,6,3,8,9,12,10,11,9],[1,0,1,2,4,5,6,3,9,12,10,11,8],[1,0,7,1,2,4,5,6,3,9,12,10,11,9],[1,0,1,2,4,5,6,3,9,10,8],[5,0,1,2,4,5,6,3,7,8,9,2],[8,1],[0,0,1,2,7,4,5,4],[0,0,2,4,3],[0,0,1,4,5,3],[0,0,1,6,7,4,3],[0,0,1,6,4,5,9,3],[0,0,2,6,4,3],[0,0,1,6,4,3],[6,0,2,1,5,3,4,4],[6,0,1,6,5,3,4,3],[10,0,1,2,3,2],[3,2,1,0,3,4,4],[3,0,3,4,7,2],[3,3,4,1],[3,1,0,3,3],[13,0,1,2,3,4,5,7],[1,0,1,2,4,6,3,8,9,10,11,8],[1,0,7,1,2,4,3,8,9,10,11,8],[1,0,1,2,5,3,9,10,11,6],[1,0,1,2,4,5,3,9,10,11,7],[1,0,7,1,2,9,10,5],[1,0,7,1,2,4,5,3,8,9,10,9],[1,0,1,2,4,5,3,9,10,7],[14,0,2],[15,0,1,1],[7,0,2,3,6,4],[7,0,4,1,6,4],[7,5,1,6,3],[16,0,1,2],[17,0,1],[18,0,1,2,3,4,5,6,7],[19,0,1],[20,0,1,1],[5,0,1,2,4,5,6,3,2],[5,0,1,2,4,5,3,2],[21,0,1,2,3,2],[22,0,1,2,3,4,5,1],[23,0,1,1],[24,0,1,1],[25,1],[26,1],[27,1],[28,1],[29,0,1,2,3,2],[30,0,1,2,3,4,5,6,7,8,9,10,11,12,13,14,2],[31,0,1,2,3,4,5,5],[32,0,1,2,2],[33,0,1,2,3,4,5,4]],[[[{"name":"GetRewardBoard","rect":{"x":13,"y":66,"width":369,"height":588},"offset":{"x":2.5,"y":53.5},"originalSize":{"width":390,"height":827},"rotated":false,"capInsets":[0,0,0,0],"vertices":{"rawPosition":[-184.5,-294,0,184.5,-294,0,-184.5,294,0,184.5,294,0],"indexes":[0,1,2,2,1,3],"uv":[13,761,382,761,13,173,382,173],"nuv":[0.03333333333333333,0.20918984280532044,0.9794871794871794,0.20918984280532044,0.03333333333333333,0.9201934703748489,0.9794871794871794,0.9201934703748489],"minPos":{"x":-184.5,"y":-294,"z":0},"maxPos":{"x":184.5,"y":294,"z":0}},"packable":true,"pixelsToUnit":100,"pivot":{"x":0.5,"y":0.5},"meshType":0}],[2],0,[0],[3],[11]],[[{"name":"RankBar2","rect":{"x":0,"y":0,"width":610,"height":102},"offset":{"x":0,"y":0},"originalSize":{"width":610,"height":102},"rotated":false,"capInsets":[0,0,0,0],"vertices":{"rawPosition":[-305,-51,0,305,-51,0,-305,51,0,305,51,0],"indexes":[0,1,2,2,1,3],"uv":[0,102,610,102,0,0,610,0],"nuv":[0,0,1,0,0,1,1,1],"minPos":{"x":-305,"y":-51,"z":0},"maxPos":{"x":305,"y":51,"z":0}},"packable":true,"pixelsToUnit":100,"pivot":{"x":0.5,"y":0.5},"meshType":0}],[2],0,[0],[3],[12]],[[[16,"OneRecordWhite"],[17,"OneRecordWhite",33554432,[-4,-5,-6],[[5,-2,[2,"42TFcXQKBGdISMyq+Bl8it"],[5,915.935,150]],[19,0,-3,[2,"c0F63Yc/ZIrKVlPyBamz0t"],3]],[6,"93tKa2VmJDLLYROSyiHq+N",null,null,null,-1,0],[1,0,682.509,0]],[7,"RankNumberLabel",33554432,1,[[5,-7,[2,"22hgnrUBJBPqH5dwZQuSKN"],[5,37.5,80]],[20,"2",0,80,80,80,false,false,8,-8,[2,"5aCvYdQ/hB1YEo4SsUz8T/"],[4,4289122328],0]],[6,"23KQXTTB1GpK1jP7QhAiZ3",null,null,null,1,0],[1,-354.09,0,0]],[7,"RankNameLabel",33554432,1,[[5,-9,[2,"52h/LJ+4hM27YlE8eaZRT6"],[5,351.07,80]],[21,"POTATO",80,80,29,2,false,false,-10,[2,"1fuzBJ4FBH7pQrQu4VljzO"],[4,4289122328],1]],[6,"281WovU9dP96wOESoL4xwX",null,null,null,1,0],[1,-50,0,0]],[7,"RankScoreLabel",33554432,1,[[5,-11,[2,"ed6ZW9wWhE/o01yLAONopb"],[5,241.56500000000005,80]],[22,"$800",0,80,80,29,2,false,false,-12,[2,"8cYBJgvvRIbaSmyscrPOSR"],[4,4289122328],2]],[6,"5aOvcc9adMmpYKl/ZBUd+U",null,null,null,1,0],[1,316.151,0,0]]],0,[0,7,1,0,0,1,0,0,1,0,-1,2,0,-2,3,0,-3,4,0,0,2,0,0,2,0,0,3,0,0,3,0,0,4,0,0,4,0,8,1,12],[0,0,0,0],[2,2,2,1],[0,0,0,13]],[[{"name":"RankBar","rect":{"x":0,"y":0,"width":610,"height":102},"offset":{"x":0,"y":0},"originalSize":{"width":610,"height":102},"rotated":false,"capInsets":[0,0,0,0],"vertices":{"rawPosition":[-305,-51,0,305,-51,0,-305,51,0,305,51,0],"indexes":[0,1,2,2,1,3],"uv":[0,102,610,102,0,0,610,0],"nuv":[0,0,1,0,0,1,1,1],"minPos":{"x":-305,"y":-51,"z":0},"maxPos":{"x":305,"y":51,"z":0}},"packable":true,"pixelsToUnit":100,"pivot":{"x":0.5,"y":0.5},"meshType":0}],[2],0,[0],[3],[14]],[[{"name":"copy兑奖码","rect":{"x":62,"y":12,"width":277,"height":67},"offset":{"x":5.5,"y":0},"originalSize":{"width":390,"height":91},"rotated":false,"capInsets":[0,0,0,0],"vertices":{"rawPosition":[-138.5,-33.5,0,138.5,-33.5,0,-138.5,33.5,0,138.5,33.5,0],"indexes":[0,1,2,2,1,3],"uv":[62,79,339,79,62,12,339,12],"nuv":[0.15897435897435896,0.13186813186813187,0.8692307692307693,0.13186813186813187,0.15897435897435896,0.8681318681318682,0.8692307692307693,0.8681318681318682],"minPos":{"x":-138.5,"y":-33.5,"z":0},"maxPos":{"x":138.5,"y":33.5,"z":0}},"packable":true,"pixelsToUnit":100,"pivot":{"x":0.5,"y":0.5},"meshType":0}],[2],0,[0],[3],[15]],[[{"name":"人","rect":{"x":37,"y":19,"width":296,"height":349},"offset":{"x":-14,"y":-1.5},"originalSize":{"width":398,"height":384},"rotated":false,"capInsets":[0,0,0,0],"vertices":{"rawPosition":[-148,-174.5,0,148,-174.5,0,-148,174.5,0,148,174.5,0],"indexes":[0,1,2,2,1,3],"uv":[37,365,333,365,37,16,333,16],"nuv":[0.09296482412060302,0.041666666666666664,0.8366834170854272,0.041666666666666664,0.09296482412060302,0.9505208333333334,0.8366834170854272,0.9505208333333334],"minPos":{"x":-148,"y":-174.5,"z":0},"maxPos":{"x":148,"y":174.5,"z":0}},"packable":true,"pixelsToUnit":100,"pivot":{"x":0.5,"y":0.5},"meshType":0}],[2],0,[0],[3],[16]],[[{"name":"排名框","rect":{"x":0,"y":0,"width":546,"height":262},"offset":{"x":0,"y":0},"originalSize":{"width":546,"height":262},"rotated":false,"capInsets":[0,0,0,0],"vertices":{"rawPosition":[-273,-131,0,273,-131,0,-273,131,0,273,131,0],"indexes":[0,1,2,2,1,3],"uv":[0,262,546,262,0,0,546,0],"nuv":[0,0,1,0,0,1,1,1],"minPos":{"x":-273,"y":-131,"z":0},"maxPos":{"x":273,"y":131,"z":0}},"packable":true,"pixelsToUnit":100,"pivot":{"x":0.5,"y":0.5},"meshType":0}],[2],0,[0],[3],[17]],[[{"name":"抓取10 大学生","rect":{"x":71,"y":94,"width":151,"height":124},"offset":{"x":2.5,"y":-4.5},"originalSize":{"width":288,"height":303},"rotated":false,"capInsets":[0,0,0,0],"vertices":{"rawPosition":[-75.5,-62,0,75.5,-62,0,-75.5,62,0,75.5,62,0],"indexes":[0,1,2,2,1,3],"uv":[71,209,222,209,71,85,222,85],"nuv":[0.2465277777777778,0.28052805280528054,0.7708333333333334,0.28052805280528054,0.2465277777777778,0.6897689768976898,0.7708333333333334,0.6897689768976898],"minPos":{"x":-75.5,"y":-62,"z":0},"maxPos":{"x":75.5,"y":62,"z":0}},"packable":true,"pixelsToUnit":100,"pivot":{"x":0.5,"y":0.5},"meshType":0}],[2],0,[0],[3],[18]],[[[48,"RankPage"],[26,"Canvas",33554432,"beI88Z2HpFELqR4T5EMHpg",[-5,-6,-7,-8,-9,-10,-11,-12,-13],[[0,-1,[5,1080,1920]],[49,-3,-2],[50,45,-5.684341886080802e-14,-5.684341886080802e-14,-4]],[1,540,960,0]],[9,"GetRewardBoard",33554432,1,[-16,-17,-18,-19,-20,-21],[[0,-14,[5,780,1056]],[53,false,-15]],[1,0,-1783.634,0]],[9,"UserRank",33554432,1,[-24,-25,-26,-27,-28],[[0,-22,[5,1151.625,97.486]],[3,0,-23,6]],[1,-1.908,-61.918,0]],[18,"FailToast",false,33554432,1,[-30,-31,-32,-33,-34],[[0,-29,[5,735,929]]],[1,0,155.423,0]],[18,"LoadingToast",false,33554432,1,[-36,-37,-38,-39],[[0,-35,[5,735,929]]],[1,0,160.33,0]],[33,"scrollBar",false,33554432,[-44],[[[8,-40,[5,12,969.643],[0,1,0.5]],[12,1,0,-41,1],[51,37,250,1,-42],-43],4,4,4,1],[1,411.586,0,0]],[27,"Messenger","16xWXrplBCT7u5hUqrLRoY",[[54,-45]]],[34,"Rank",33554432,1,[6,-48],[[[0,-46,[5,823.172,944.177]],-47],4,1],[1,-4.491,327.2,0]],[28,"content",33554432,[[8,-49,[5,923.66,41.4],[0,0.5,1]],[55,1,2,40,16.4,15,true,-50]],[1,0,469.735,0]],[9,"view",33554432,8,[9],[[0,-51,[5,923.6600000000001,786.394]],[56,-52],[57,-53,[4,16777215]]],[1,0.1469999999999958,28.825999999999983,0]],[29,"Fix",33554432,3,[-55,-56,-57],[[11,-54]]],[9,"Transcend",33554432,3,[-59,-60,-61],[[11,-58]],[1,-29.073,-336.606,0]],[1,"GetRewardButton",33554432,1,[[0,-62,[5,300,100]],[12,1,0,-63,7],[24,1,-65,[[10,"3011e5bANJIb6AAWlzqoTbH","showReward",7]],[4,4293066680],[4,4291821397],-64,8,9,10,11]],[1,333.87300000000005,858.8030000000003,0]],[1,"mask",33554432,5,[[0,-66,[5,1089.234,1939.982]],[13,0,-67,[4,4282203453],12],[15,-69,[[25]],-68,13]],[1,0,-150.33899999999971,0]],[1,"mask",33554432,4,[[0,-70,[5,1125.6779999999999,1955.6109999999999]],[13,0,-71,[4,4282203453],20],[15,-73,[[25]],-72,21]],[1,0,-142.6835,0]],[1,"GetRewardButton",33554432,4,[[0,-74,[5,613.586,161.59300000000002]],[12,1,0,-75,25],[58,1,-77,[[10,"3011e5bANJIb6AAWlzqoTbH","reSubmit",7]],[4,4293066680],[4,4291821397],-76,26]],[1,0,-456.132,0]],[1,"半透灰",33554432,2,[[0,-78,[5,1117.508,4418.132]],[13,0,-79,[4,4286216826],30],[15,-81,[[10,"3011e5bANJIb6AAWlzqoTbH","hideReward",7]],-80,31]],[1,3.126,874.7494999999999,0]],[1,"copy",33554432,2,[[0,-82,[5,504.1229318302844,121.41491891667314]],[36,false,1,0,-83,33],[24,1,-85,[[10,"3011e5bANJIb6AAWlzqoTbH","copy",7]],[4,4289374890],[4,4291281494],-84,34,35,36,37]],[1,-16.90700000000004,95.856,0]],[60,"RankPage",[1,-86,7],[40,null,null,"9975327f-c8dd-4da2-8ce1-80f74012f83c",null,null,null],[61,[62,[2,0,0,0,0.520833125],[2,0,0,0,0]],[63,[4,4283190348],[0,512,512]],[64],[65],[66],[67]]],[1,"Normal",33554432,11,[[8,-87,[5,492.06,160],[0,0,0.5]],[41,"本次摸鱼得分：\n个人历史最佳：",70,70,80,false,false,8,-88,[4,4278190080],4],[52,-196.03,0,-89]],[1,-490,-87.407,0]],[30,"Img",33554432,5,[[0,-90,[5,245.02633333333333,163.3508888888889]],[37,0,-91,16,17],[68,true,-92,[18],19]],[1,-15.27800000000002,-113.65999999999997,0],[1,3,3,1]],[9,"replayButton",33554432,1,[-94,-95],[[11,-93]],[1,-392.578,858.8029999999999,0]],[1,"前去摸鱼",33554432,22,[[0,-96,[5,298.007,100.93785483870968]],[3,0,-97,27],[59,1,-99,[[10,"bc66dIc51ZOHb7dOOwZJkZa","replay",-98]],[4,4294503611],[4,4293506450],38]],[1,124.60999999999996,-2.9429999999999836,0]],[1,"纯白",33554432,1,[[0,-100,[5,1084.541,1931.563]],[3,0,-101,0]],[1,-3.3825000000000216,3.382499999999993,0]],[4,"bar",33554432,6,[[[8,-102,[5,10,156.25],[0,0,0]],-103],4,1],[1,-11,-31.25,0]],[1,"Score",33554432,11,[[0,-104,[5,749.4309999999999,338.87314782608695]],[3,0,-105,2]],[1,-107.439,-395.412,0]],[1,"人",33554432,11,[[0,-106,[5,316.614,373.30502027027023]],[3,0,-107,3]],[1,248.52300000000002,-378.196,0]],[4,"UserScoreLabel",33554432,3,[[[0,-108,[5,300.27,94.4]],-109],4,1],[1,146.266,-51.32,0]],[4,"UserHistoryScoreLabel",33554432,3,[[[0,-110,[5,300.27,94.4]],-111],4,1],[1,146.266,-130.997,0]],[1,"Transcend",33554432,12,[[8,-112,[5,968.79,76.2],[0,0,0.5]],[42,"摸鱼水平超过了           的玩家",0,75.3,75.3,76.2,false,-5.8,-113,[4,4278190080],5]],[1,-455.2,-293.191,0]],[4,"TranscendJudgement",33554432,12,[[[8,-114,[5,968.79,76.2],[0,0,0.5]],-115],4,1],[1,-455.2,-375.606,0]],[4,"TranscendPercent",33554432,12,[[[0,-116,[5,267.74,120.4]],-117],4,1],[1,176.555,-286.987,0]],[4,"名次",33554432,3,[[[0,-118,[5,300.27,94.4]],-119],4,1],[1,18.258000000000038,-386.606,0]],[1,"ToastBlock",33554432,5,[[0,-120,[5,860.204,1087.2510421768707]],[3,0,-121,14]],[1,0,-91.29499999999996,0]],[1,"Text",33554432,5,[[0,-122,[5,703.536,40]],[43,"数据上传中",110,110,3,false,-123,[4,4289122328],15]],[1,0.494,-463.742,0]],[1,"ToastBlock",33554432,4,[[0,-124,[5,860.204,1087.2510421768707]],[3,0,-125,22]],[1,0,-91.29499999999996,0]],[1,"Text",33554432,4,[[0,-126,[5,703.536,80]],[44,"未连接到服务器！",85,110,30,2,false,-127,[4,4289122328],23]],[1,0.494,-291.946,0]],[1,"Img",33554432,4,[[0,-128,[5,514.196,420.9349607843137]],[3,0,-129,24]],[1,0,-16.845,0]],[31,"RankController","86O95hRDxO6qH8D2pPAqgy",19,[[69,["哈哈，我就是摸鱼之王！","不错！但还可以做得更好哟！","呜呜，可恶的早八，%@！@……","分文不剩！这真的很难做到"],-137,9,-136,-135,-134,-133,-132,2,-131,-130,5,4,28,29]]],[32,"board",33554432,2,[[0,-138,[5,780,1056]],[3,0,-139,32]]],[4,"id",33554432,2,[[[0,-140,[5,489.22900000000004,94.4]],-141],4,1],[1,-3.587,95.856,0]],[4,"rewardRank",33554432,2,[[[0,-142,[5,681.7149999999999,77.59700000000001]],-143],4,1],[1,-16.907,279.933,0]],[1,"info",33554432,2,[[0,-144,[5,513.9,170.4]],[45,"活动结束时间以公众号消息为准，\n最终获奖名单将在公众号上发布。\n注意截图保存兑奖q群二维码， \n后续兑奖信息如时间、地点等请关注q群信息。",0,25,25,-145,[4,4278190080]]],[1,0,-367.31,0]],[1,"小猫",33554432,22,[[0,-146,[5,139,115]],[38,-147,39]],[1,-55.19999999999999,-2.943000000000211,0]],[35,"Camera",1,[-148],[1,0,0,1000]],[70,0,959.9999999999999,0,1108344832,45,[4,4278190080]],[39,1,0,25],[71,1,6,47],[72,0.23,0.75,false,8,9,48],[14,"?",70,70,35,2,false,false,8,28,[4,4278190080]],[14,"?",70,70,35,2,false,false,8,29,[4,4278190080]],[46,"呜呜，可恶的早八，%@！@……",0,45,45,76.2,3,false,-5.8,31,[4,4278190080]],[47,"?%",120,120,28.6,2,false,32,[4,4289122328]],[14,"第?名",80,80,35,2,false,false,8,33,[4,4278190080]],[23,"UserID",80,80,35,2,false,false,41,[4,4278190080]],[23,"您的历史最高名次:第?名",52.8,52.8,28.4,2,false,false,42,[4,4291031082]]],0,[0,0,1,0,12,46,0,0,1,0,0,1,0,-1,45,0,-2,24,0,-3,8,0,-4,3,0,-5,13,0,-6,5,0,-7,4,0,-8,22,0,-9,2,0,0,2,0,0,2,0,-1,17,0,-2,40,0,-3,41,0,-4,18,0,-5,42,0,-6,43,0,0,3,0,0,3,0,-1,11,0,-2,28,0,-3,29,0,-4,12,0,-5,33,0,0,4,0,-1,15,0,-2,36,0,-3,37,0,-4,38,0,-5,16,0,0,5,0,-1,14,0,-2,34,0,-3,35,0,-4,21,0,0,6,0,0,6,0,0,6,0,-4,48,0,-1,25,0,0,7,0,0,8,0,-2,49,0,-2,10,0,0,9,0,0,9,0,0,10,0,0,10,0,0,10,0,0,11,0,-1,26,0,-2,27,0,-3,20,0,0,12,0,-1,30,0,-2,31,0,-3,32,0,0,13,0,0,13,0,5,13,0,0,13,0,0,14,0,0,14,0,5,14,0,0,14,0,0,15,0,0,15,0,5,15,0,0,15,0,0,16,0,0,16,0,5,16,0,0,16,0,0,17,0,0,17,0,5,17,0,0,17,0,0,18,0,0,18,0,5,18,0,0,18,0,-2,39,0,0,20,0,0,20,0,0,20,0,0,21,0,0,21,0,0,21,0,0,22,0,-1,23,0,-2,44,0,0,23,0,0,23,0,13,39,0,0,23,0,0,24,0,0,24,0,0,25,0,-2,47,0,0,26,0,0,26,0,0,27,0,0,27,0,0,28,0,-2,50,0,0,29,0,-2,51,0,0,30,0,0,30,0,0,31,0,-2,52,0,0,32,0,-2,53,0,0,33,0,-2,54,0,0,34,0,0,34,0,0,35,0,0,35,0,0,36,0,0,36,0,0,37,0,0,37,0,0,38,0,0,38,0,14,56,0,15,55,0,16,52,0,17,54,0,18,53,0,19,51,0,20,50,0,0,39,0,0,40,0,0,40,0,0,41,0,-2,55,0,0,42,0,-2,56,0,0,43,0,0,43,0,0,44,0,0,44,0,-1,46,0,21,19,1,6,19,6,6,8,7,6,19,9,6,10,48,22,49,148],[0,0,0,0,0,0,0,0,0,0,0,0,0,0,0,0,0,0,0,0,0,0,0,0,0,0,0,0,0,0,0,0,0,0,0,0,0,0,0,0,47,50,51,52,53,54,55,56],[1,1,1,1,2,2,1,1,4,9,10,11,1,4,1,2,1,23,-1,24,1,4,1,2,1,1,4,1,25,26,1,4,1,1,4,9,10,11,4,1,1,2,2,2,2,2,2,2],[19,20,21,22,0,0,23,2,2,3,4,5,1,1,6,0,24,25,7,7,1,1,6,0,26,8,8,9,27,28,1,1,29,10,10,3,4,5,9,30,31,0,0,0,0,0,0,0]],[[{"name":"GetRewardButton","rect":{"x":0,"y":0,"width":230,"height":76},"offset":{"x":0,"y":0},"originalSize":{"width":230,"height":76},"rotated":false,"capInsets":[0,0,0,0],"vertices":{"rawPosition":[-115,-38,0,115,-38,0,-115,38,0,115,38,0],"indexes":[0,1,2,2,1,3],"uv":[0,76,230,76,0,0,230,0],"nuv":[0,0,1,0,0,1,1,1],"minPos":{"x":-115,"y":-38,"z":0},"maxPos":{"x":115,"y":38,"z":0}},"packable":true,"pixelsToUnit":100,"pivot":{"x":0.5,"y":0.5},"meshType":0}],[2],0,[0],[3],[32]],[[[16,"OneRecordGreen"],[17,"OneRecordGreen",33554432,[-4,-5,-6],[[5,-2,[2,"a0XGEHoEVPbLB9xrU5HHUm"],[5,915.935,150]],[19,0,-3,[2,"2f+JQy2tlPa7Iu2M8w8+Qz"],3]],[6,"8eEF9HyXlPZZT9Jq9QnFvi",null,null,null,-1,0],[1,0,845,0]],[7,"RankNumberLabel",33554432,1,[[5,-7,[2,"59fSKmdPVKkJgIrlnIo3OB"],[5,22.5,80]],[20,"1",0,80,80,80,false,false,8,-8,[2,"4dwlNIqphMUIfzJDkr4ec3"],[4,4278190080],0]],[6,"25PQOwnQVNn41ayAoOU9A9",null,null,null,1,0],[1,-354.09,0,0]],[7,"RankNameLabel",33554432,1,[[5,-9,[2,"0ffDc+CC1HXozX0q+Ws95a"],[5,351.07,80]],[21,"POTATO",80,80,29,2,false,false,-10,[2,"f3ProwEXBHz4OE+AvqGwEB"],[4,4278190080],1]],[6,"f2jMr5nctDXpXG2aMaJgGh",null,null,null,1,0],[1,-50,0,0]],[7,"RankScoreLabel",33554432,1,[[5,-11,[2,"6bhYJrwtlIoK/uTvmVXPb1"],[5,241.56500000000005,80]],[22,"$800",0,80,80,29,2,false,false,-12,[2,"9e09d+/VlP4I7+dB7X/1r5"],[4,4278190080],2]],[6,"aav2kKq9xK1pRIyG0fUHbX",null,null,null,1,0],[1,316.151,0,0]]],0,[0,7,1,0,0,1,0,0,1,0,-1,2,0,-2,3,0,-3,4,0,0,2,0,0,2,0,0,3,0,0,3,0,0,4,0,0,4,0,8,1,12],[0,0,0,0],[2,2,2,1],[0,0,0,33]],[[{"name":"block","rect":{"x":117,"y":186,"width":735,"height":929},"offset":{"x":-65.5,"y":34.5},"originalSize":{"width":1100,"height":1370},"rotated":false,"capInsets":[0,0,0,0],"vertices":{"rawPosition":[-367.5,-464.5,0,367.5,-464.5,0,-367.5,464.5,0,367.5,464.5,0],"indexes":[0,1,2,2,1,3],"uv":[117,1184,852,1184,117,255,852,255],"nuv":[0.10636363636363637,0.18613138686131386,0.7745454545454545,0.18613138686131386,0.10636363636363637,0.8642335766423358,0.7745454545454545,0.8642335766423358],"minPos":{"x":-367.5,"y":-464.5,"z":0},"maxPos":{"x":367.5,"y":464.5,"z":0}},"packable":true,"pixelsToUnit":100,"pivot":{"x":0.5,"y":0.5},"meshType":0}],[2],0,[0],[3],[34]],[[{"name":"UserRankBoard","rect":{"x":0,"y":0,"width":780,"height":70},"offset":{"x":0,"y":305},"originalSize":{"width":780,"height":680},"rotated":false,"capInsets":[0,0,0,0],"vertices":{"rawPosition":[-390,-35,0,390,-35,0,-390,35,0,390,35,0],"indexes":[0,1,2,2,1,3],"uv":[0,680,780,680,0,610,780,610],"nuv":[0,0.8970588235294118,1,0.8970588235294118,0,1,1,1],"minPos":{"x":-390,"y":-35,"z":0},"maxPos":{"x":390,"y":35,"z":0}},"packable":true,"pixelsToUnit":100,"pivot":{"x":0.5,"y":0.5},"meshType":0}],[2],0,[0],[3],[35]],[[{"name":"reSubmit","rect":{"x":318,"y":21,"width":464,"height":128},"offset":{"x":0,"y":1},"originalSize":{"width":1100,"height":172},"rotated":false,"capInsets":[0,0,0,0],"vertices":{"rawPosition":[-232,-64,0,232,-64,0,-232,64,0,232,64,0],"indexes":[0,1,2,2,1,3],"uv":[318,151,782,151,318,23,782,23],"nuv":[0.28909090909090907,0.13372093023255813,0.7109090909090909,0.13372093023255813,0.28909090909090907,0.877906976744186,0.7109090909090909,0.877906976744186],"minPos":{"x":-232,"y":-64,"z":0},"maxPos":{"x":232,"y":64,"z":0}},"packable":true,"pixelsToUnit":100,"pivot":{"x":0.5,"y":0.5},"meshType":0}],[2],0,[0],[3],[36]]]]
