[1,["80S9ZzYsNNwLukTJKqVQGD@6c48a"],["_textureSource"],["cc.SpriteFrame"],0,[{"name":"50元","rect":{"x":0,"y":1,"width":125,"height":39},"offset":{"x":0,"y":-0.5},"originalSize":{"width":125,"height":40},"rotated":false,"capInsets":[0,0,0,0],"vertices":{"rawPosition":[-62.5,-19.5,0,62.5,-19.5,0,-62.5,19.5,0,62.5,19.5,0],"indexes":[0,1,2,2,1,3],"uv":[0,39,125,39,0,0,125,0],"nuv":[0,0,1,0,0,0.975,1,0.975],"minPos":{"x":-62.5,"y":-19.5,"z":0},"maxPos":{"x":62.5,"y":19.5,"z":0}},"packable":true,"pixelsToUnit":100,"pivot":{"x":0.5,"y":0.5},"meshType":0}],[0],0,[0],[0],[0]]
