[1,["8a+lhSKu5NapthOhmi29/E@6c48a"],["_textureSource"],["cc.SpriteFrame"],0,[{"name":"gpt大学生","rect":{"x":90,"y":103,"width":190,"height":148},"offset":{"x":3,"y":5},"originalSize":{"width":364,"height":364},"rotated":false,"capInsets":[0,0,0,0],"vertices":{"rawPosition":[-95,-74,0,95,-74,0,-95,74,0,95,74,0],"indexes":[0,1,2,2,1,3],"uv":[90,261,280,261,90,113,280,113],"nuv":[0.24725274725274726,0.31043956043956045,0.7692307692307693,0.31043956043956045,0.24725274725274726,0.717032967032967,0.7692307692307693,0.717032967032967],"minPos":{"x":-95,"y":-74,"z":0},"maxPos":{"x":95,"y":74,"z":0}},"packable":true,"pixelsToUnit":100,"pivot":{"x":0.5,"y":0.5},"meshType":0}],[0],0,[0],[0],[0]]
